transaction_id,investor_id,scheme_code,transaction_date,transaction_type,amount,units,kyc_status,state
TXN10000,INV5164,119551,2022-02-21,Lumpsum,73778.89,1040.5616,Failed,Delhi
TXN10001,INV5152,119062,2022-03-07,SIP,50782.85,4099.2797,Verified,Andhra Pradesh
TXN10002,INV5167,119062,2023-03-28,Redemption,86995.38,1111.1562,Verified,Andhra Pradesh
TXN10003,INV5109,120841,2023-07-24,Lumpsum,33991.16,1852.6695,Verified,West Bengal
TXN10004,INV5089,119092,2022-03-30,Redemption,92268.39,5398.3322,Verified,Rajasthan
TXN10006,INV5198,119092,2022-06-13,SIP,45614.33,536.198,Verified,West Bengal
TXN10007,INV5091,118632,2025-10-04,Redemption,64979.52,1002.4333,Verified,Kerala
TXN10008,INV5187,118632,2022-01-12,Lumpsum,92576.42,1286.953,Verified,Rajasthan
TXN10009,INV5084,125497,2023-04-15,Redemption,27140.22,936.2423,Pending,Andhra Pradesh
TXN10010,INV5081,118632,2025-04-09,Lumpsum,64463.76,2820.1291,Verified,Tamil Nadu
TXN10011,INV5191,119092,2026-03-10,Lumpsum,40240.35,1353.1231,Verified,Kerala
TXN10012,INV5127,119551,2026-03-28,SIP,16418.21,230.4527,Pending,Delhi
TXN10013,INV5099,119062,2025-05-05,Redemption,55545.98,585.812,Pending,Andhra Pradesh
TXN10014,INV5030,119092,2026-04-24,SIP,16236.7,1577.5919,Pending,Andhra Pradesh
TXN10015,INV5068,120503,2024-11-05,Redemption,64075.47,988.7073,Verified,West Bengal
TXN10016,INV5196,120503,2025-01-09,SIP,49116.27,2447.4804,Failed,Uttar Pradesh
TXN10017,INV5062,125497,2023-05-09,SIP,48856.05,3010.393,Pending,Kerala
TXN10018,INV5197,120503,2022-09-20,Redemption,53003.54,820.5714,Verified,Kerala
TXN10019,INV5194,118632,2025-12-31,Lumpsum,65162.87,1318.3123,Failed,Telangana
TXN10021,INV5151,118632,2022-01-15,Redemption,23279.71,254.457,Failed,Delhi
TXN10022,INV5132,118632,2023-07-25,Lumpsum,72473.58,810.5352,Pending,Telangana
TXN10023,INV5063,119777,2024-04-13,SIP,43389.59,901.6567,Failed,Andhra Pradesh
TXN10024,INV5014,119551,2022-05-05,Redemption,86236.42,2663.3384,Verified,Kerala
TXN10025,INV5115,120503,2024-05-14,Lumpsum,87511.35,5213.7758,Pending,Kerala
TXN10026,INV5026,125497,2025-08-28,SIP,92673.51,1072.8259,Verified,Gujarat
TXN10027,INV5125,119777,2023-03-14,SIP,714.46,15.8284,Pending,Telangana
TXN10028,INV5074,119062,2025-11-27,Redemption,15902.28,433.2609,Verified,Haryana
TXN10030,INV5136,120503,2022-04-27,SIP,7317.87,454.0614,Verified,Gujarat
TXN10031,INV5031,118632,2025-03-31,SIP,42212.88,675.0766,Failed,West Bengal
TXN10032,INV5067,118632,2025-10-03,Lumpsum,13522.39,198.581,Failed,West Bengal
TXN10033,INV5193,119551,2022-01-20,Redemption,99611.6,6003.0621,Verified,Kerala
TXN10034,INV5068,120503,2023-12-16,Lumpsum,16195.81,190.4559,Pending,Uttar Pradesh
TXN10035,INV5157,125497,2025-09-29,Lumpsum,10806.86,121.3825,Verified,Delhi
TXN10036,INV5028,120503,2023-07-12,Redemption,34616.59,481.6239,Verified,Kerala
TXN10037,INV5126,119092,2022-04-15,Redemption,28029.68,2716.288,Pending,Karnataka
TXN10038,INV5164,119092,2022-11-27,Redemption,56310.23,2805.8804,Pending,Karnataka
TXN10039,INV5140,125497,2024-01-27,Redemption,13180.83,349.2235,Pending,Maharashtra
TXN10040,INV5092,118632,2025-10-28,Redemption,78121.57,872.1639,Failed,Haryana
TXN10041,INV5192,120503,2023-04-30,Redemption,88200.91,7211.3932,Pending,West Bengal
TXN10042,INV5106,118632,2023-07-01,Redemption,38562.9,2859.643,Failed,Tamil Nadu
TXN10043,INV5052,119777,2023-12-18,Redemption,22680.89,326.7999,Failed,West Bengal
TXN10044,INV5072,119551,2026-05-03,Lumpsum,40268.0,409.6295,Failed,West Bengal
TXN10045,INV5008,119551,2023-06-19,Redemption,26913.9,1362.2994,Failed,West Bengal
TXN10046,INV5187,120841,2024-06-12,Redemption,90000.72,3320.1912,Verified,Andhra Pradesh
TXN10047,INV5112,125497,2024-11-30,Redemption,74324.03,1056.3908,Failed,Gujarat
TXN10048,INV5018,120841,2025-06-30,Redemption,72115.55,1947.5422,Verified,Rajasthan
TXN10049,INV5105,120841,2024-04-04,Redemption,42334.41,447.3548,Pending,Andhra Pradesh
TXN10050,INV5045,119092,2024-04-11,SIP,21413.18,265.2829,Pending,Rajasthan
TXN10051,INV5083,119777,2024-06-23,Redemption,47582.03,522.2695,Pending,Andhra Pradesh
TXN10052,INV5044,119551,2023-08-05,Redemption,33851.23,404.6377,Pending,Tamil Nadu
TXN10054,INV5157,119551,2024-07-21,Redemption,71975.42,1615.3176,Failed,Tamil Nadu
TXN10055,INV5038,125497,2026-03-18,Redemption,18000.72,187.0847,Failed,Telangana
TXN10056,INV5013,118632,2022-06-09,SIP,66923.98,676.6127,Pending,West Bengal
TXN10057,INV5194,119777,2025-06-08,Lumpsum,55013.26,606.2152,Pending,Telangana
TXN10058,INV5116,119092,2026-03-20,Redemption,77878.65,1452.5878,Verified,Uttar Pradesh
TXN10059,INV5113,119551,2026-01-01,Lumpsum,32311.1,551.2551,Verified,Karnataka
TXN10060,INV5060,119062,2025-11-22,Redemption,41779.36,1050.2782,Failed,Gujarat
TXN10061,INV5016,118632,2024-10-05,Redemption,69704.54,800.2277,Pending,Haryana
TXN10062,INV5098,119777,2022-01-13,Lumpsum,85418.07,891.5479,Failed,Kerala
TXN10063,INV5192,118632,2024-09-26,Lumpsum,3387.97,84.1697,Pending,Gujarat
TXN10064,INV5186,120503,2024-08-15,Redemption,90739.42,1434.1539,Pending,Maharashtra
TXN10066,INV5055,119777,2023-11-01,Redemption,28186.53,294.8124,Failed,Uttar Pradesh
TXN10067,INV5021,119777,2022-02-09,SIP,35321.05,515.5382,Pending,Rajasthan
TXN10068,INV5011,125497,2023-05-22,SIP,24235.22,460.5662,Verified,Haryana
TXN10069,INV5056,119777,2025-12-03,Redemption,60786.32,628.3725,Pending,Delhi
TXN10071,INV5174,119062,2024-03-23,SIP,83141.88,2609.892,Pending,Uttar Pradesh
TXN10072,INV5176,119551,2025-03-05,Lumpsum,66321.37,4092.3692,Pending,West Bengal
TXN10073,INV5004,119062,2024-09-30,Lumpsum,63740.72,753.582,Pending,Karnataka
TXN10074,INV5112,120503,2026-02-11,Redemption,80915.82,1384.7017,Failed,Telangana
TXN10075,INV5112,119092,2023-10-23,SIP,45354.8,584.8997,Pending,Haryana
TXN10076,INV5172,119062,2023-11-20,Redemption,18593.07,639.1395,Pending,Uttar Pradesh
TXN10078,INV5062,119062,2024-09-27,Redemption,47871.26,646.3341,Failed,Maharashtra
TXN10079,INV5024,119092,2023-03-30,Redemption,66564.02,1540.4116,Failed,Kerala
TXN10080,INV5089,119062,2026-03-08,Lumpsum,45647.65,1214.1602,Verified,Delhi
TXN10081,INV5185,118632,2023-10-09,Redemption,76337.87,2863.0116,Verified,Andhra Pradesh
TXN10082,INV5124,119092,2026-01-23,Redemption,28658.37,1504.5857,Verified,Uttar Pradesh
TXN10083,INV5059,120841,2023-01-03,SIP,13095.0,928.9597,Verified,Kerala
TXN10084,INV5075,120503,2025-07-30,SIP,57619.39,1102.8537,Failed,West Bengal
TXN10085,INV5048,125497,2023-02-06,SIP,40370.39,2422.1175,Pending,Rajasthan
TXN10086,INV5014,120503,2022-11-02,Lumpsum,25195.0,418.3369,Failed,Haryana
TXN10087,INV5153,118632,2026-05-08,Lumpsum,44550.74,509.6464,Failed,Uttar Pradesh
TXN10088,INV5146,125497,2025-06-02,Redemption,21497.01,309.5833,Verified,Tamil Nadu
TXN10089,INV5045,119551,2022-11-17,Lumpsum,59584.21,1645.3665,Verified,Uttar Pradesh
TXN10090,INV5181,119092,2025-10-12,SIP,92429.15,1142.4473,Pending,Haryana
TXN10091,INV5170,118632,2024-05-20,Redemption,15324.45,451.9564,Verified,Delhi
TXN10092,INV5016,120503,2023-09-22,Redemption,92158.66,1860.896,Failed,Andhra Pradesh
TXN10093,INV5078,119062,2023-07-12,Redemption,8503.96,625.8678,Failed,Andhra Pradesh
TXN10094,INV5083,119092,2022-02-22,Lumpsum,83677.88,1354.7142,Verified,Rajasthan
TXN10095,INV5069,125497,2026-04-12,Redemption,44501.83,1270.2436,Pending,Gujarat
TXN10096,INV5163,119777,2022-06-07,Lumpsum,32445.3,1671.233,Verified,West Bengal
TXN10097,INV5106,119777,2023-08-14,Redemption,45755.18,1194.4481,Failed,Delhi
TXN10098,INV5198,119062,2024-11-19,Redemption,46466.65,3123.1013,Failed,West Bengal
TXN10101,INV5062,120503,2023-09-29,SIP,9774.32,98.4291,Verified,Telangana
TXN10102,INV5031,120503,2024-10-17,Redemption,41841.29,783.1787,Failed,Tamil Nadu
TXN10103,INV5117,120503,2024-02-25,Redemption,87992.96,1002.6268,Verified,Gujarat
TXN10104,INV5088,119092,2022-01-06,Redemption,58900.3,589.5855,Failed,Karnataka
TXN10105,INV5115,119777,2023-12-08,Redemption,38032.4,404.7864,Verified,Andhra Pradesh
TXN10106,INV5062,119062,2023-04-24,SIP,47561.14,515.7988,Failed,Gujarat
TXN10107,INV5170,120503,2024-10-11,SIP,59222.95,670.9065,Failed,Delhi
TXN10108,INV5135,119777,2022-02-01,Lumpsum,97010.7,5797.0333,Pending,Uttar Pradesh
TXN10109,INV5087,119062,2025-08-23,Lumpsum,86004.55,1945.7671,Failed,Rajasthan
TXN10111,INV5074,118632,2026-03-10,Lumpsum,76156.78,1038.2631,Verified,Telangana
TXN10112,INV5043,119092,2022-03-01,Lumpsum,29690.09,678.8525,Verified,Tamil Nadu
TXN10113,INV5136,119062,2025-03-05,SIP,61144.43,1376.2283,Pending,Tamil Nadu
TXN10114,INV5128,120503,2023-04-21,Redemption,25905.01,2388.49,Pending,Telangana
TXN10115,INV5074,120503,2022-01-06,Lumpsum,30265.85,313.3675,Pending,Uttar Pradesh
TXN10116,INV5117,119092,2023-12-02,Redemption,38445.75,908.7471,Verified,Andhra Pradesh
TXN10118,INV5013,119777,2023-08-10,Redemption,22290.95,822.1839,Verified,Rajasthan
TXN10119,INV5194,120503,2025-07-10,Redemption,31238.82,628.8756,Pending,West Bengal
TXN10120,INV5188,120503,2022-07-04,Lumpsum,17976.19,821.0412,Failed,West Bengal
TXN10121,INV5136,119092,2022-12-03,Redemption,29866.57,338.103,Pending,Delhi
TXN10122,INV5120,119551,2022-10-16,Redemption,98004.25,1009.7881,Pending,Kerala
TXN10123,INV5094,119551,2024-03-19,Lumpsum,45751.21,648.4515,Pending,Uttar Pradesh
TXN10124,INV5150,119062,2025-07-31,SIP,47411.95,720.9932,Failed,West Bengal
TXN10125,INV5157,118632,2025-08-19,Redemption,90984.07,2445.998,Failed,Delhi
TXN10126,INV5036,125497,2022-03-18,Redemption,23862.6,408.7518,Failed,Telangana
TXN10127,INV5095,119062,2025-04-17,Lumpsum,83452.46,1275.8618,Verified,Maharashtra
TXN10128,INV5177,120841,2023-03-21,Redemption,85617.29,4519.991,Pending,West Bengal
TXN10129,INV5140,120841,2022-05-05,Lumpsum,12654.89,146.5993,Failed,Delhi
TXN10131,INV5033,118632,2022-05-21,Lumpsum,81398.77,2628.3204,Pending,Karnataka
TXN10132,INV5153,125497,2023-07-22,SIP,79952.13,4019.0337,Verified,Karnataka
TXN10135,INV5132,119551,2024-07-14,Lumpsum,4814.82,59.8185,Pending,Kerala
TXN10136,INV5078,119777,2025-08-10,SIP,84806.21,1753.476,Verified,Telangana
TXN10137,INV5183,119777,2022-05-31,Lumpsum,7035.38,202.4486,Pending,Haryana
TXN10138,INV5141,120841,2024-02-20,Redemption,50802.33,1042.7849,Pending,Andhra Pradesh
TXN10139,INV5030,118632,2024-05-30,Lumpsum,82828.21,1805.0979,Pending,Delhi
TXN10140,INV5081,119062,2023-10-03,Lumpsum,68838.69,1306.631,Verified,Delhi
TXN10141,INV5024,119062,2022-07-17,Redemption,6468.11,67.3087,Failed,West Bengal
TXN10142,INV5172,119551,2024-04-21,Redemption,42582.22,460.7172,Verified,Uttar Pradesh
TXN10143,INV5154,119092,2023-12-22,Redemption,15895.65,297.6878,Verified,West Bengal
TXN10144,INV5143,120841,2022-08-24,Redemption,43196.68,714.1492,Pending,Haryana
TXN10145,INV5158,125497,2025-06-01,SIP,70418.53,1862.4992,Failed,West Bengal
TXN10146,INV5002,120503,2022-10-21,Redemption,14616.53,218.2044,Verified,Delhi
TXN10147,INV5192,118632,2024-10-02,Redemption,37320.28,497.978,Pending,Haryana
TXN10148,INV5153,119551,2022-04-18,SIP,5451.37,314.3388,Failed,Rajasthan
TXN10149,INV5109,119777,2025-05-28,Lumpsum,75616.84,3735.35,Failed,Delhi
TXN10150,INV5073,119777,2024-12-15,SIP,98452.34,6594.0964,Verified,Uttar Pradesh
TXN10151,INV5055,120503,2026-04-15,Lumpsum,1269.13,16.4329,Verified,Karnataka
TXN10152,INV5098,118632,2024-10-21,Redemption,7671.51,87.6155,Verified,Gujarat
TXN10153,INV5005,119777,2022-06-09,Redemption,40740.08,602.5503,Verified,Delhi
TXN10154,INV5104,125497,2023-10-28,Redemption,46279.64,642.1939,Failed,Delhi
TXN10155,INV5112,119551,2023-05-14,Redemption,8325.39,94.2349,Pending,West Bengal
TXN10156,INV5057,120841,2026-05-15,SIP,11845.65,211.9242,Pending,West Bengal
TXN10157,INV5090,120503,2023-04-29,SIP,17763.15,747.6614,Pending,Rajasthan
TXN10158,INV5020,120503,2026-02-05,Redemption,76107.78,1510.0309,Pending,Rajasthan
TXN10159,INV5163,120841,2025-07-08,SIP,47157.65,705.6923,Pending,Uttar Pradesh
TXN10160,INV5152,125497,2023-12-22,SIP,45465.43,3006.9521,Verified,Delhi
TXN10161,INV5166,119551,2025-06-13,Redemption,58242.78,607.4497,Pending,Maharashtra
TXN10162,INV5116,118632,2023-10-21,Redemption,95793.37,1895.1316,Pending,West Bengal
TXN10163,INV5183,119551,2024-10-30,SIP,44056.95,889.1779,Failed,Haryana
TXN10164,INV5041,120841,2024-02-03,Lumpsum,34167.53,535.4596,Pending,Rajasthan
TXN10165,INV5166,120841,2022-05-15,SIP,38963.14,1192.2764,Pending,Haryana
TXN10166,INV5039,120841,2022-06-16,Redemption,35307.17,363.644,Pending,Rajasthan
TXN10167,INV5101,120503,2025-05-03,Lumpsum,64527.58,1631.0128,Verified,Rajasthan
TXN10168,INV5180,119551,2025-08-16,Redemption,36578.47,1394.865,Verified,West Bengal
TXN10169,INV5197,119777,2023-01-29,SIP,29931.31,369.8382,Failed,Kerala
TXN10170,INV5190,125497,2025-09-17,Redemption,59926.02,2509.176,Verified,Andhra Pradesh
TXN10171,INV5198,120503,2026-01-16,SIP,67798.11,2160.7087,Failed,Haryana
TXN10172,INV5073,119777,2023-04-25,Lumpsum,80958.08,1550.5823,Verified,West Bengal
TXN10173,INV5174,119777,2024-08-03,Redemption,52982.25,546.4108,Verified,Haryana
TXN10174,INV5036,119092,2022-04-17,Lumpsum,10707.68,124.3195,Verified,Uttar Pradesh
TXN10175,INV5022,120503,2023-07-13,Redemption,44028.52,462.5953,Verified,Telangana
TXN10176,INV5090,125497,2024-04-29,Lumpsum,23959.92,240.7856,Failed,Tamil Nadu
TXN10177,INV5008,120841,2022-07-22,Redemption,4311.17,46.5742,Failed,Andhra Pradesh
TXN10178,INV5036,119777,2024-07-07,SIP,2390.89,81.2981,Verified,Kerala
TXN10179,INV5187,119062,2022-08-16,Lumpsum,5251.07,109.8911,Pending,Haryana
TXN10180,INV5118,119551,2022-08-16,Redemption,63379.52,1026.318,Pending,Karnataka
TXN10181,INV5075,119062,2022-01-04,Lumpsum,41948.48,601.0378,Verified,Kerala
TXN10182,INV5093,119551,2024-12-13,Redemption,51008.45,4311.7559,Failed,Maharashtra
TXN10184,INV5089,118632,2026-02-10,Redemption,75789.55,3443.9052,Failed,Kerala
TXN10185,INV5087,120503,2026-05-15,Redemption,18636.66,841.8885,Pending,Telangana
TXN10186,INV5010,119092,2023-02-17,Redemption,4669.64,49.6752,Failed,Gujarat
TXN10187,INV5140,119777,2023-06-03,Redemption,28968.03,330.7137,Verified,Rajasthan
TXN10188,INV5085,119092,2022-09-12,Lumpsum,74459.12,822.5948,Failed,West Bengal
TXN10189,INV5048,119777,2025-11-18,Lumpsum,52167.95,635.3939,Pending,Gujarat
TXN10190,INV5021,119062,2025-05-18,Redemption,10708.49,271.0132,Verified,Uttar Pradesh
TXN10191,INV5115,119062,2022-08-12,Lumpsum,72818.03,791.1164,Pending,Gujarat
TXN10192,INV5071,125497,2022-03-06,Lumpsum,75114.85,3078.6282,Verified,Karnataka
TXN10193,INV5156,119777,2022-03-13,SIP,64693.71,1518.8616,Pending,Maharashtra
TXN10194,INV5155,120503,2025-10-22,Lumpsum,76426.9,1239.6307,Failed,West Bengal
TXN10195,INV5102,120841,2025-08-23,Lumpsum,3078.38,115.104,Failed,Gujarat
TXN10196,INV5144,119551,2023-06-21,Redemption,99638.33,2790.8396,Failed,Tamil Nadu
TXN10197,INV5032,120503,2022-01-06,SIP,44788.56,2501.9911,Pending,West Bengal
TXN10198,INV5171,120841,2025-12-24,Redemption,89187.5,1029.6102,Pending,Andhra Pradesh
TXN10199,INV5180,120503,2024-01-11,Lumpsum,20497.55,911.046,Pending,Telangana
TXN10200,INV5007,120841,2025-02-08,Lumpsum,98309.69,4534.7031,Verified,Delhi
TXN10201,INV5080,119062,2026-08-01,Redemption,41238.64,667.9291,Verified,West Bengal
TXN10202,INV5165,119551,2024-10-07,Redemption,13269.29,156.8199,Failed,Rajasthan
TXN10203,INV5151,120503,2026-04-22,Lumpsum,86887.06,1024.3075,Failed,Karnataka
TXN10204,INV5078,120503,2022-11-28,Redemption,94774.57,1671.4855,Verified,Delhi
TXN10205,INV5065,118632,2025-07-24,Lumpsum,30631.05,528.003,Failed,Rajasthan
TXN10206,INV5044,120503,2022-12-17,Redemption,34093.15,365.9882,Verified,Maharashtra
TXN10207,INV5021,125497,2025-08-06,Lumpsum,76812.42,1617.3484,Pending,Maharashtra
TXN10208,INV5128,119092,2025-08-07,Redemption,80831.26,1736.5019,Failed,Delhi
TXN10209,INV5177,125497,2022-11-20,Lumpsum,20800.29,321.9888,Failed,Andhra Pradesh
TXN10210,INV5082,120841,2024-03-27,Redemption,56384.3,1456.1899,Failed,Delhi
TXN10212,INV5108,118632,2022-11-24,Redemption,19388.49,796.5423,Failed,Telangana
TXN10213,INV5128,119092,2024-10-15,SIP,50791.72,523.6163,Verified,Haryana
TXN10214,INV5091,125497,2022-04-14,Redemption,84363.54,1196.1903,Verified,Kerala
TXN10215,INV5003,119551,2024-06-01,Lumpsum,76503.75,1781.877,Failed,Maharashtra
TXN10216,INV5146,118632,2024-01-13,Lumpsum,50673.43,643.0935,Verified,Haryana
TXN10217,INV5175,119551,2022-09-21,Lumpsum,98685.37,1639.1594,Failed,Karnataka
TXN10219,INV5133,119777,2022-11-02,Redemption,93171.19,2409.5352,Failed,Haryana
TXN10220,INV5190,119092,2025-04-30,Redemption,53467.81,724.6278,Verified,Telangana
TXN10221,INV5005,120841,2023-11-10,Lumpsum,79777.1,1059.7499,Pending,Rajasthan
TXN10222,INV5007,119777,2023-06-28,Redemption,5609.84,105.3681,Failed,Rajasthan
TXN10223,INV5185,119062,2022-10-30,SIP,70201.83,2583.7434,Failed,West Bengal
TXN10224,INV5108,120503,2024-04-25,Lumpsum,61342.07,1169.6571,Pending,Andhra Pradesh
TXN10225,INV5016,120503,2024-11-28,Redemption,66391.57,1158.8088,Failed,Karnataka
TXN10226,INV5118,120841,2025-01-23,Redemption,72231.99,1063.8337,Pending,Uttar Pradesh
TXN10227,INV5157,119777,2023-01-29,Lumpsum,22874.27,234.4589,Verified,Uttar Pradesh
TXN10228,INV5181,118632,2025-11-14,Lumpsum,56268.52,597.9417,Pending,Uttar Pradesh
TXN10229,INV5074,119551,2025-03-20,Lumpsum,39755.98,968.1911,Pending,Karnataka
TXN10230,INV5075,125497,2023-08-13,Lumpsum,65769.22,851.2662,Verified,Tamil Nadu
TXN10231,INV5138,119092,2025-02-25,SIP,74218.65,2353.5038,Verified,Rajasthan
TXN10232,INV5136,118632,2025-07-30,SIP,33364.22,635.3111,Pending,Karnataka
TXN10233,INV5002,120503,2024-04-13,Redemption,75713.15,2111.8219,Verified,Rajasthan
TXN10234,INV5016,119551,2025-08-28,Lumpsum,72450.21,768.2929,Verified,Gujarat
TXN10235,INV5046,125497,2024-03-24,SIP,96232.07,1030.9448,Verified,Maharashtra
TXN10236,INV5077,119551,2023-11-18,Redemption,54558.4,1001.9518,Verified,Kerala
TXN10237,INV5120,119092,2023-01-30,Lumpsum,46161.99,1392.3573,Verified,Maharashtra
TXN10238,INV5189,120841,2023-08-28,Redemption,17961.74,206.3306,Failed,Gujarat
TXN10239,INV5132,120841,2022-06-27,Redemption,98177.68,1853.4278,Verified,Maharashtra
TXN10240,INV5067,119062,2023-04-28,Redemption,33297.72,533.4338,Pending,Maharashtra
TXN10241,INV5067,120841,2025-11-19,SIP,46806.8,1920.3172,Pending,Kerala
TXN10242,INV5181,119092,2025-11-14,Redemption,29856.24,457.1025,Verified,Karnataka
TXN10243,INV5123,120503,2024-07-20,Lumpsum,55148.83,1052.9705,Failed,Rajasthan
TXN10244,INV5056,118632,2025-10-25,Redemption,44951.42,612.927,Verified,Haryana
TXN10245,INV5029,125497,2025-01-26,Lumpsum,15410.31,389.8326,Failed,Telangana
TXN10246,INV5030,118632,2026-01-08,Redemption,51282.35,619.4846,Failed,Karnataka
TXN10247,INV5132,119062,2024-07-24,SIP,67440.39,1787.1982,Verified,Gujarat
TXN10248,INV5066,125497,2026-03-08,Redemption,42657.89,584.0775,Failed,Maharashtra
TXN10249,INV5018,119777,2022-03-06,Lumpsum,13975.17,206.3144,Pending,Rajasthan
TXN10250,INV5108,120841,2024-02-23,Lumpsum,68431.67,983.7603,Failed,Karnataka
TXN10251,INV5168,120841,2022-08-31,Redemption,13171.04,134.2816,Verified,Maharashtra
TXN10252,INV5077,119777,2025-10-11,Lumpsum,82424.36,2553.7287,Failed,Karnataka
TXN10253,INV5071,118632,2026-01-24,SIP,42214.44,534.7336,Verified,Tamil Nadu
TXN10254,INV5053,119551,2022-07-26,SIP,67366.35,761.2093,Verified,Andhra Pradesh
TXN10255,INV5012,119062,2024-06-17,Redemption,86441.16,5732.1864,Failed,Uttar Pradesh
TXN10256,INV5060,120841,2025-03-28,Redemption,32406.18,872.0998,Verified,Rajasthan
TXN10258,INV5045,119062,2025-12-02,SIP,94187.85,1337.4999,Pending,Kerala
TXN10259,INV5082,119062,2024-04-16,Lumpsum,75564.4,1436.1298,Verified,Uttar Pradesh
TXN10260,INV5182,120503,2024-08-06,Redemption,41942.53,726.9162,Failed,Tamil Nadu
TXN10261,INV5066,118632,2023-11-08,Redemption,9700.17,128.97,Verified,Maharashtra
TXN10263,INV5186,118632,2024-09-08,Lumpsum,90944.92,3129.2661,Verified,Andhra Pradesh
TXN10264,INV5031,119777,2023-05-12,Redemption,91555.08,1533.9164,Pending,Uttar Pradesh
TXN10265,INV5098,119777,2024-12-28,Lumpsum,51525.25,941.0153,Verified,Andhra Pradesh
TXN10266,INV5121,120841,2023-02-21,Lumpsum,56471.21,1887.7431,Verified,Maharashtra
TXN10267,INV5067,119062,2023-08-28,Lumpsum,38294.06,450.5043,Failed,Kerala
TXN10268,INV5168,120841,2023-12-06,Redemption,49314.26,1961.5053,Pending,West Bengal
TXN10269,INV5044,120503,2026-01-15,Redemption,88991.77,897.7359,Verified,Kerala
TXN10271,INV5060,119551,2025-12-19,SIP,45872.96,2970.9484,Pending,Rajasthan
TXN10273,INV5004,125497,2024-12-20,Redemption,2205.69,26.5157,Pending,Gujarat
TXN10274,INV5046,119551,2022-07-17,SIP,62168.19,1900.143,Failed,Uttar Pradesh
TXN10275,INV5102,119551,2024-04-02,Redemption,99028.19,3265.3309,Pending,Delhi
TXN10276,INV5168,125497,2022-11-07,Lumpsum,47862.51,711.104,Pending,Karnataka
TXN10277,INV5022,119777,2024-06-07,Redemption,97397.05,1075.8395,Verified,Tamil Nadu
TXN10278,INV5055,119777,2023-07-10,SIP,28397.11,482.3472,Pending,Maharashtra
TXN10279,INV5046,120841,2022-02-02,Redemption,82158.73,979.4652,Verified,Uttar Pradesh
TXN10280,INV5042,118632,2025-06-03,Redemption,33507.12,429.5518,Verified,Andhra Pradesh
TXN10281,INV5186,119551,2024-10-22,SIP,23598.33,1401.1894,Pending,Haryana
TXN10282,INV5153,119062,2026-05-04,SIP,78463.04,1552.2016,Verified,West Bengal
TXN10283,INV5142,119062,2024-06-03,Redemption,38317.23,482.0076,Verified,Tamil Nadu
TXN10284,INV5183,119551,2022-06-18,SIP,78497.08,3286.4703,Failed,West Bengal
TXN10285,INV5093,119551,2022-07-07,Lumpsum,76253.98,3971.3903,Verified,Karnataka
TXN10286,INV5111,119777,2025-02-14,Redemption,3113.06,74.3821,Verified,Haryana
TXN10287,INV5154,120841,2024-02-28,Lumpsum,78027.33,1037.1017,Failed,Tamil Nadu
TXN10288,INV5147,120503,2025-04-11,SIP,30462.56,560.1676,Verified,Karnataka
TXN10289,INV5112,119092,2024-05-12,Redemption,36431.93,383.5747,Pending,Rajasthan
TXN10290,INV5127,118632,2024-07-26,SIP,94907.93,2378.6717,Pending,Gujarat
TXN10291,INV5085,119777,2023-11-17,Redemption,14044.38,361.4109,Pending,Tamil Nadu
TXN10292,INV5123,120841,2022-12-30,Lumpsum,69648.3,1285.2455,Pending,Tamil Nadu
TXN10293,INV5084,119062,2023-07-29,Lumpsum,56603.13,894.1981,Failed,Karnataka
TXN10294,INV5175,125497,2026-01-29,Redemption,79869.71,941.6892,Verified,Gujarat
TXN10295,INV5173,119777,2022-10-13,Lumpsum,15837.25,329.3833,Failed,Delhi
TXN10296,INV5115,119777,2025-07-04,Redemption,92079.02,1274.3831,Failed,Maharashtra
TXN10297,INV5093,119551,2022-08-12,Redemption,17050.68,261.7503,Pending,Rajasthan
TXN10298,INV5174,119062,2026-03-22,Redemption,1549.5,46.5505,Failed,Andhra Pradesh
TXN10299,INV5133,118632,2024-07-01,Lumpsum,68115.77,944.2248,Verified,West Bengal
TXN10300,INV5007,119777,2022-08-03,Lumpsum,9042.55,106.6105,Pending,Karnataka
TXN10301,INV5090,119092,2023-04-12,Redemption,48551.14,918.5788,Failed,Andhra Pradesh
TXN10303,INV5166,119551,2025-10-18,Redemption,17858.1,731.5232,Failed,Gujarat
TXN10304,INV5119,118632,2024-04-09,SIP,43497.38,3444.7082,Pending,Tamil Nadu
TXN10305,INV5116,119062,2024-03-07,Redemption,28195.31,384.4551,Pending,Delhi
TXN10306,INV5148,119551,2025-01-04,Lumpsum,46026.27,1369.3483,Failed,Kerala
TXN10307,INV5164,120841,2025-07-05,Redemption,11866.09,284.7043,Failed,Haryana
TXN10308,INV5045,119092,2025-06-12,SIP,31661.98,1006.051,Verified,Karnataka
TXN10309,INV5096,120503,2024-12-11,Lumpsum,57693.2,1200.1042,Failed,Rajasthan
TXN10310,INV5138,120503,2025-02-10,Redemption,19116.31,222.8562,Pending,Maharashtra
TXN10311,INV5092,125497,2024-09-19,Lumpsum,96400.99,1737.2859,Failed,Gujarat
TXN10312,INV5176,119777,2024-01-05,Redemption,56757.08,695.303,Verified,Uttar Pradesh
TXN10313,INV5009,119092,2023-04-06,Lumpsum,46003.48,598.7959,Pending,Telangana
TXN10314,INV5141,119551,2025-03-18,Lumpsum,82416.64,1915.8837,Pending,Maharashtra
TXN10315,INV5195,119777,2025-01-23,Lumpsum,83092.04,1070.4827,Verified,Maharashtra
TXN10316,INV5116,119092,2023-12-15,Redemption,12179.91,146.6222,Verified,Andhra Pradesh
TXN10317,INV5151,120841,2025-12-26,Redemption,61807.04,766.4902,Verified,Maharashtra
TXN10318,INV5146,120841,2024-12-26,Redemption,32703.53,445.7657,Verified,Haryana
TXN10319,INV5069,119551,2022-05-10,SIP,86771.24,4050.9572,Verified,Tamil Nadu
TXN10320,INV5038,120841,2023-05-22,Redemption,63424.0,953.6991,Failed,Telangana
TXN10321,INV5020,119551,2024-04-05,Redemption,93665.44,2167.3584,Failed,West Bengal
TXN10322,INV5149,125497,2026-05-05,Redemption,63666.63,875.0704,Verified,Kerala
TXN10323,INV5102,118632,2024-05-29,Redemption,82920.19,2052.5834,Pending,Karnataka
TXN10324,INV5145,119777,2023-12-05,SIP,78497.03,1528.2988,Verified,Karnataka
TXN10325,INV5113,119777,2022-02-01,Lumpsum,90986.02,1017.817,Verified,Karnataka
TXN10326,INV5071,119551,2025-09-02,Lumpsum,66618.63,973.928,Verified,Gujarat
TXN10327,INV5161,119092,2026-01-26,Lumpsum,70517.95,6983.519,Failed,Delhi
TXN10329,INV5109,120503,2024-09-05,Lumpsum,73210.96,3809.4112,Failed,West Bengal
TXN10330,INV5077,120503,2024-02-23,Redemption,14713.88,254.8046,Verified,Haryana
TXN10331,INV5167,120503,2024-06-20,Redemption,74952.75,807.7634,Pending,Rajasthan
TXN10332,INV5114,118632,2022-06-27,SIP,59162.6,1327.6209,Failed,West Bengal
TXN10333,INV5036,118632,2023-07-22,Lumpsum,60200.78,930.6994,Pending,Andhra Pradesh
TXN10334,INV5007,119092,2023-02-25,Redemption,74910.44,2046.8013,Verified,Tamil Nadu
TXN10335,INV5127,119062,2022-08-19,Redemption,7565.69,84.077,Verified,West Bengal
TXN10336,INV5082,120503,2024-03-03,Lumpsum,68452.73,870.3979,Pending,Delhi
TXN10338,INV5130,119092,2025-07-11,Redemption,70330.16,4037.6696,Failed,Kerala
TXN10339,INV5158,120503,2023-07-23,Lumpsum,92132.02,943.1233,Verified,Kerala
TXN10340,INV5084,119062,2025-04-16,Lumpsum,73130.86,848.5618,Verified,Tamil Nadu
TXN10341,INV5023,119062,2022-08-26,Redemption,31274.36,407.4707,Pending,Karnataka
TXN10343,INV5134,119092,2022-12-08,SIP,87409.28,1150.6637,Verified,Maharashtra
TXN10344,INV5086,119062,2023-07-12,SIP,97517.53,1466.9153,Failed,Telangana
TXN10345,INV5131,120841,2022-04-24,Redemption,16152.34,202.9198,Pending,Rajasthan
TXN10347,INV5121,120841,2024-02-24,SIP,85819.78,1436.1261,Pending,Andhra Pradesh
TXN10348,INV5168,119062,2023-04-05,Lumpsum,72168.65,2097.1202,Verified,Haryana
TXN10349,INV5096,119551,2024-10-25,SIP,51819.53,3666.4138,Failed,Delhi
TXN10350,INV5120,119092,2026-05-04,Lumpsum,45946.24,1063.5029,Verified,Haryana
TXN10351,INV5078,118632,2024-08-08,Redemption,99779.82,1249.9079,Pending,Kerala
TXN10353,INV5163,125497,2023-11-18,Redemption,84976.1,1126.2668,Verified,Tamil Nadu
TXN10354,INV5136,118632,2024-09-05,SIP,14666.16,416.8385,Verified,Tamil Nadu
TXN10355,INV5134,119062,2025-12-06,Redemption,8947.79,481.0141,Verified,Rajasthan
TXN10356,INV5101,119551,2025-04-27,SIP,96439.72,3080.2106,Verified,West Bengal
TXN10357,INV5101,120841,2023-10-14,Lumpsum,94383.69,4241.951,Pending,Haryana
TXN10358,INV5028,120503,2022-08-05,Redemption,40948.0,703.1726,Pending,Tamil Nadu
TXN10359,INV5116,119092,2024-08-06,SIP,80855.89,2163.1166,Pending,Andhra Pradesh
TXN10360,INV5155,125497,2023-03-17,SIP,25197.77,599.7063,Failed,Maharashtra
TXN10361,INV5174,119092,2023-06-17,SIP,85532.83,1424.6962,Failed,Tamil Nadu
TXN10363,INV5034,118632,2024-03-31,Redemption,64646.16,1035.8444,Verified,Delhi
TXN10364,INV5006,119551,2023-09-02,Redemption,90555.26,1069.8613,Failed,Delhi
TXN10365,INV5011,119777,2022-04-14,Redemption,72580.87,1328.0703,Failed,Rajasthan
TXN10366,INV5110,120503,2023-12-26,SIP,44878.14,1919.7704,Pending,Haryana
TXN10367,INV5158,118632,2025-08-18,Redemption,55293.52,3570.061,Verified,Gujarat
TXN10368,INV5036,119062,2023-02-13,Lumpsum,80315.72,985.0319,Failed,Andhra Pradesh
TXN10369,INV5092,119777,2025-01-20,Lumpsum,50488.13,1123.0986,Verified,Maharashtra
TXN10370,INV5082,118632,2022-03-02,SIP,47432.6,1124.8226,Pending,Tamil Nadu
TXN10371,INV5041,119551,2023-05-23,Lumpsum,79228.1,1037.8944,Pending,Tamil Nadu
TXN10372,INV5148,119062,2023-12-28,SIP,32141.43,420.5372,Failed,Haryana
TXN10373,INV5008,120841,2025-03-08,SIP,19229.25,194.3908,Failed,Kerala
TXN10375,INV5006,119777,2022-01-02,Redemption,13483.71,180.9302,Pending,West Bengal
TXN10376,INV5016,125497,2022-10-30,Redemption,77549.47,899.8204,Failed,Delhi
TXN10377,INV5096,119062,2025-04-15,Lumpsum,14076.94,582.2849,Failed,Rajasthan
TXN10378,INV5125,120841,2022-12-23,Redemption,61564.04,1461.8322,Pending,Haryana
TXN10379,INV5045,119062,2023-09-21,SIP,678.89,9.2769,Pending,Gujarat
TXN10380,INV5198,125497,2023-01-08,Lumpsum,96769.4,3238.539,Pending,Delhi
TXN10381,INV5128,120503,2023-11-10,Lumpsum,32292.11,480.1315,Verified,Andhra Pradesh
TXN10382,INV5172,120841,2024-07-03,Lumpsum,69471.02,1672.2555,Pending,Delhi
TXN10383,INV5185,125497,2022-09-04,Redemption,96925.63,1081.6424,Failed,Gujarat
TXN10384,INV5090,119062,2022-07-27,Redemption,65271.47,908.5111,Verified,Telangana
TXN10385,INV5019,125497,2023-08-27,Lumpsum,10920.14,267.8952,Failed,Karnataka
TXN10386,INV5188,119551,2025-01-25,Lumpsum,61557.65,1151.7661,Verified,Gujarat
TXN10388,INV5049,119062,2025-11-28,Redemption,54242.48,780.9864,Verified,Tamil Nadu
TXN10389,INV5025,125497,2024-03-15,Redemption,15782.2,371.5679,Failed,Delhi
TXN10390,INV5076,119777,2023-02-13,SIP,63999.97,653.4931,Failed,Delhi
TXN10391,INV5079,119062,2024-08-22,Redemption,64365.71,1434.2554,Failed,Gujarat
TXN10392,INV5095,120503,2024-07-01,Lumpsum,26708.38,312.9751,Pending,Maharashtra
TXN10393,INV5039,119551,2022-06-25,Redemption,97085.2,1539.1933,Failed,Maharashtra
TXN10394,INV5100,119062,2025-01-01,Redemption,47888.1,2799.4989,Pending,Maharashtra
TXN10395,INV5129,120503,2022-04-09,SIP,17132.9,589.3647,Verified,Karnataka
TXN10396,INV5011,119062,2022-10-06,Lumpsum,62909.01,739.4993,Verified,West Bengal
TXN10397,INV5187,119551,2022-06-28,Redemption,32949.62,945.2507,Failed,Maharashtra
TXN10398,INV5180,119062,2022-08-19,SIP,58999.45,753.9484,Verified,Delhi
TXN10399,INV5145,119551,2023-08-09,Lumpsum,26781.59,388.5281,Pending,Haryana
TXN10400,INV5122,125497,2022-12-19,Lumpsum,61061.2,843.0431,Verified,Gujarat
TXN10401,INV5085,118632,2022-11-04,Lumpsum,2513.17,30.0745,Verified,Uttar Pradesh
TXN10402,INV5072,119777,2025-11-26,Lumpsum,97434.83,1953.3865,Failed,Uttar Pradesh
TXN10403,INV5187,119062,2025-05-23,Lumpsum,91386.56,1959.1791,Failed,Kerala
TXN10404,INV5096,125497,2024-11-21,SIP,50926.13,2293.0935,Failed,Haryana
TXN10405,INV5008,120503,2023-01-30,SIP,45916.64,495.738,Pending,Tamil Nadu
TXN10406,INV5071,120841,2024-08-08,Lumpsum,12825.35,1005.8556,Failed,Telangana
TXN10407,INV5153,119777,2022-12-30,Redemption,34752.78,406.9944,Verified,Andhra Pradesh
TXN10409,INV5057,118632,2025-10-19,Lumpsum,51571.48,587.2628,Pending,Rajasthan
TXN10410,INV5003,119777,2022-09-28,Redemption,22765.12,351.5797,Verified,Andhra Pradesh
TXN10411,INV5182,119092,2024-05-17,Lumpsum,22211.8,597.2028,Failed,Haryana
TXN10412,INV5102,119551,2022-01-16,Redemption,84018.15,1388.0153,Pending,Haryana
TXN10414,INV5084,119092,2023-06-19,Lumpsum,76664.7,842.7301,Pending,Haryana
TXN10417,INV5186,118632,2025-11-06,Redemption,90699.39,1287.0974,Failed,Uttar Pradesh
TXN10418,INV5044,120503,2023-08-25,Redemption,26235.86,317.046,Pending,Karnataka
TXN10419,INV5175,120841,2025-09-02,Lumpsum,74548.89,1980.6986,Pending,West Bengal
TXN10420,INV5096,119092,2025-04-14,Redemption,47318.39,537.8593,Pending,Haryana
TXN10421,INV5159,119551,2024-08-25,Redemption,68229.43,1182.7837,Failed,Maharashtra
TXN10422,INV5039,120503,2023-02-15,Lumpsum,89338.09,904.246,Verified,West Bengal
TXN10423,INV5184,120503,2026-05-15,Redemption,98670.72,2582.5119,Verified,Maharashtra
TXN10424,INV5116,119092,2023-03-05,Redemption,49212.92,625.1544,Verified,Karnataka
TXN10425,INV5158,119062,2025-07-21,Lumpsum,48001.33,4606.5552,Failed,Tamil Nadu
TXN10426,INV5188,120841,2022-01-29,Redemption,19462.38,274.4763,Pending,Andhra Pradesh
TXN10427,INV5064,118632,2025-11-21,Lumpsum,38663.27,613.8941,Verified,Delhi
TXN10428,INV5012,119092,2023-08-19,Redemption,52649.71,1073.8293,Pending,Karnataka
TXN10429,INV5088,119777,2024-01-06,SIP,91861.44,1983.8235,Verified,Tamil Nadu
TXN10430,INV5187,120503,2023-03-09,Redemption,12754.62,172.3599,Pending,Maharashtra
TXN10432,INV5168,125497,2022-04-09,Lumpsum,12797.71,390.8122,Pending,Karnataka
TXN10433,INV5053,125497,2023-09-09,Redemption,52270.77,791.3603,Pending,Karnataka
TXN10434,INV5108,119551,2024-11-13,SIP,78583.63,1434.099,Pending,Tamil Nadu
TXN10435,INV5200,119092,2024-12-07,Lumpsum,29887.44,2206.2828,Failed,Tamil Nadu
TXN10437,INV5147,119777,2022-11-02,Redemption,72494.58,3792.3225,Verified,Rajasthan
TXN10439,INV5075,120841,2025-10-18,Lumpsum,9952.35,127.2055,Verified,Maharashtra
TXN10440,INV5036,120503,2023-11-05,Redemption,27196.79,357.965,Failed,West Bengal
TXN10441,INV5047,119551,2024-03-31,Redemption,38878.69,449.1508,Pending,Gujarat
TXN10442,INV5167,120503,2022-08-20,Redemption,98166.13,1141.5796,Verified,Gujarat
TXN10443,INV5152,119777,2025-11-03,SIP,78026.85,1200.0022,Pending,Andhra Pradesh
TXN10444,INV5034,119777,2024-09-26,Lumpsum,6801.94,98.6537,Verified,Andhra Pradesh
TXN10445,INV5174,118632,2025-10-03,Redemption,70207.73,3780.3422,Pending,Andhra Pradesh
TXN10446,INV5064,119777,2023-10-12,SIP,56055.25,566.78,Verified,Maharashtra
TXN10447,INV5165,120503,2024-01-11,Redemption,7949.09,146.5316,Verified,West Bengal
TXN10448,INV5072,125497,2024-11-04,Redemption,40626.06,1304.2074,Failed,Telangana
TXN10449,INV5147,119777,2022-06-30,Redemption,98076.74,1272.5421,Verified,Delhi
TXN10451,INV5159,119092,2024-11-07,Lumpsum,45892.69,1128.2255,Verified,Tamil Nadu
TXN10452,INV5117,120841,2025-02-21,Redemption,65888.14,885.21,Verified,Delhi
TXN10453,INV5195,118632,2022-01-05,Lumpsum,96461.15,2658.9053,Failed,West Bengal
TXN10454,INV5180,119551,2022-04-04,Redemption,71827.18,958.4584,Verified,Uttar Pradesh
TXN10455,INV5157,118632,2023-01-20,Lumpsum,82543.14,3040.0291,Failed,Delhi
TXN10456,INV5194,119062,2022-04-06,SIP,45325.21,654.4107,Failed,Karnataka
TXN10457,INV5128,125497,2024-12-22,Redemption,83962.2,1570.4473,Failed,Karnataka
TXN10458,INV5178,120503,2026-02-05,SIP,60254.33,673.6646,Failed,Gujarat
TXN10459,INV5108,118632,2023-07-15,Lumpsum,45558.15,2070.4989,Failed,Haryana
TXN10460,INV5180,119092,2025-12-07,Lumpsum,93583.45,1398.1766,Verified,Tamil Nadu
TXN10461,INV5160,119092,2025-11-07,Redemption,71184.45,728.1093,Verified,Kerala
TXN10462,INV5139,120841,2025-12-25,Redemption,48296.81,787.1386,Pending,Andhra Pradesh
TXN10463,INV5107,119092,2024-05-15,Redemption,38396.6,2598.6052,Verified,Tamil Nadu
TXN10464,INV5069,120503,2023-08-10,SIP,69214.19,1893.0299,Pending,Kerala
TXN10465,INV5009,120841,2024-07-15,Redemption,74079.5,843.3868,Pending,Rajasthan
TXN10466,INV5144,119062,2023-05-02,Redemption,69764.79,964.0782,Verified,Gujarat
TXN10468,INV5052,119777,2023-04-07,Redemption,73975.78,2672.3213,Pending,Tamil Nadu
TXN10469,INV5076,119777,2022-12-30,SIP,73640.41,3550.3311,Verified,Gujarat
TXN10470,INV5072,119092,2022-09-24,Redemption,1061.69,20.429,Verified,Maharashtra
TXN10471,INV5040,120841,2025-05-07,Redemption,61753.06,887.6377,Failed,Haryana
TXN10472,INV5141,120841,2022-05-30,Redemption,18794.98,1164.7941,Failed,Karnataka
TXN10473,INV5107,119062,2022-07-08,Lumpsum,66501.78,1671.0674,Verified,Tamil Nadu
TXN10474,INV5193,119777,2025-02-23,SIP,44843.89,490.6082,Pending,Haryana
TXN10475,INV5063,125497,2025-10-29,Lumpsum,94526.27,2113.3184,Failed,Andhra Pradesh
TXN10476,INV5073,125497,2024-11-24,Redemption,44832.91,3214.6008,Pending,Tamil Nadu
TXN10477,INV5083,119551,2022-07-16,Redemption,1229.39,77.3568,Pending,Rajasthan
TXN10478,INV5199,118632,2025-04-11,SIP,82960.49,931.3309,Pending,Gujarat
TXN10479,INV5166,119551,2026-03-10,SIP,33505.68,1874.2464,Verified,Karnataka
TXN10480,INV5065,119551,2025-03-23,Lumpsum,45387.0,978.1613,Failed,Maharashtra
TXN10481,INV5100,119551,2024-12-31,Redemption,6792.14,88.0546,Verified,Andhra Pradesh
TXN10482,INV5019,120841,2024-10-26,Lumpsum,30484.4,1714.0059,Pending,Telangana
TXN10483,INV5098,119062,2025-09-15,Redemption,22376.64,289.8234,Pending,Kerala
TXN10484,INV5076,120503,2023-09-03,SIP,55729.44,2642.3122,Verified,Haryana
TXN10485,INV5153,119062,2025-01-05,SIP,74955.51,820.808,Failed,Tamil Nadu
TXN10486,INV5106,120503,2022-11-26,Lumpsum,25647.81,1262.4421,Pending,Haryana
TXN10487,INV5014,119777,2025-08-13,SIP,7202.59,382.3393,Pending,Haryana
TXN10488,INV5125,120841,2024-01-02,Redemption,10454.48,158.988,Verified,West Bengal
TXN10489,INV5125,119777,2023-11-04,Redemption,58624.91,962.6472,Failed,West Bengal
TXN10490,INV5110,120503,2022-01-10,Lumpsum,71363.81,1054.5004,Verified,West Bengal
TXN10491,INV5035,120841,2024-09-09,Redemption,30894.44,517.9246,Verified,Rajasthan
TXN10492,INV5156,119551,2023-07-29,Redemption,73487.69,1106.814,Pending,Delhi
TXN10493,INV5005,125497,2025-04-06,Lumpsum,21669.69,1629.4142,Verified,Kerala
TXN10494,INV5139,119777,2025-09-01,Lumpsum,89198.04,1414.4035,Verified,Karnataka
TXN10496,INV5176,120503,2026-03-31,SIP,18324.95,192.1175,Pending,Karnataka
TXN10497,INV5189,119777,2024-01-05,Lumpsum,23559.12,697.1775,Verified,Maharashtra
TXN10498,INV5172,118632,2024-11-26,Lumpsum,45737.02,3225.6028,Pending,West Bengal
TXN10499,INV5027,119092,2026-02-28,Redemption,17798.06,258.5771,Failed,Haryana
TXN10500,INV5168,119551,2024-11-24,Lumpsum,22678.48,487.4388,Failed,Telangana
TXN10501,INV5124,125497,2024-10-24,Redemption,8170.28,120.3052,Verified,Karnataka
TXN10502,INV5048,120503,2024-01-12,Redemption,66280.41,1400.8261,Failed,Andhra Pradesh
TXN10503,INV5030,119777,2025-10-14,Redemption,16544.0,194.6288,Verified,Tamil Nadu
TXN10504,INV5012,120503,2025-03-20,SIP,51507.96,571.2203,Verified,Maharashtra
TXN10505,INV5043,119092,2023-01-04,Lumpsum,56578.67,4845.8054,Pending,Andhra Pradesh
TXN10506,INV5170,119092,2022-06-25,Redemption,47405.64,888.5755,Verified,Gujarat
TXN10507,INV5154,120503,2025-04-08,Redemption,26819.81,356.7564,Failed,Telangana
TXN10508,INV5153,119551,2023-04-16,Lumpsum,2147.98,37.6548,Failed,Rajasthan
TXN10509,INV5108,120503,2025-05-25,SIP,61667.44,4563.4658,Pending,Kerala
TXN10510,INV5129,119551,2022-10-07,Redemption,60545.73,716.7129,Pending,Rajasthan
TXN10511,INV5167,119062,2024-05-12,Lumpsum,69915.46,1438.4102,Pending,Telangana
TXN10512,INV5197,119062,2023-12-19,Redemption,76273.15,1049.0961,Verified,Gujarat
TXN10513,INV5035,119092,2024-09-04,SIP,87738.25,1875.6225,Verified,Maharashtra
TXN10514,INV5182,125497,2025-03-29,SIP,37815.47,1327.4323,Pending,West Bengal
TXN10515,INV5105,120841,2022-08-07,Lumpsum,25736.46,295.9986,Failed,Haryana
TXN10516,INV5094,119092,2025-10-25,Redemption,55434.44,921.1341,Verified,West Bengal
TXN10517,INV5144,119777,2023-06-04,Redemption,70696.71,927.5298,Pending,Delhi
TXN10518,INV5192,118632,2024-07-03,SIP,40355.81,997.4395,Failed,Haryana
TXN10520,INV5121,119062,2022-06-30,Lumpsum,8463.95,631.7333,Failed,Gujarat
TXN10521,INV5158,119092,2025-12-28,SIP,82112.76,1214.2149,Failed,Maharashtra
TXN10522,INV5052,119092,2023-02-03,Redemption,51823.46,1679.8317,Verified,Rajasthan
TXN10523,INV5010,120841,2023-05-05,SIP,27955.72,608.4072,Pending,Gujarat
TXN10524,INV5104,118632,2024-11-26,Redemption,91958.15,1546.468,Pending,Kerala
TXN10525,INV5150,120841,2023-12-13,Lumpsum,19855.26,211.9607,Pending,Maharashtra
TXN10526,INV5067,120503,2024-04-13,SIP,50565.33,1245.5456,Verified,Kerala
TXN10527,INV5066,119092,2025-11-22,Lumpsum,77111.74,986.4293,Pending,Telangana
TXN10528,INV5175,119777,2025-04-16,Redemption,7221.65,107.7383,Verified,Rajasthan
TXN10529,INV5180,118632,2023-09-10,Lumpsum,1467.46,17.2854,Verified,Uttar Pradesh
TXN10530,INV5024,119062,2025-10-11,SIP,18259.33,477.3862,Verified,Haryana
TXN10531,INV5069,120503,2026-03-09,Redemption,23868.71,750.9405,Verified,Tamil Nadu
TXN10532,INV5059,118632,2023-05-27,Lumpsum,11115.58,119.7581,Pending,Rajasthan
TXN10533,INV5127,125497,2026-04-15,SIP,37434.06,975.1622,Pending,Uttar Pradesh
TXN10534,INV5126,120503,2026-04-15,Lumpsum,75141.85,3488.1338,Failed,Gujarat
TXN10535,INV5123,125497,2024-10-26,Lumpsum,77702.44,1519.1793,Verified,Andhra Pradesh
TXN10536,INV5133,119777,2023-10-09,SIP,38253.09,2006.2138,Failed,Haryana
TXN10537,INV5067,120503,2025-01-28,Lumpsum,95873.42,2345.3159,Verified,Telangana
TXN10538,INV5109,118632,2024-05-08,Lumpsum,28323.14,1081.4474,Verified,Haryana
TXN10539,INV5176,118632,2022-07-24,Redemption,43505.77,982.5261,Verified,Andhra Pradesh
TXN10540,INV5039,119777,2022-01-20,Lumpsum,99558.4,1151.6952,Failed,Kerala
TXN10541,INV5185,120841,2024-09-23,Lumpsum,56999.53,1243.0067,Pending,Karnataka
TXN10542,INV5016,118632,2023-05-06,Redemption,74587.03,2234.5348,Failed,Kerala
TXN10543,INV5143,119092,2023-12-06,Lumpsum,86803.17,897.8354,Verified,Haryana
TXN10544,INV5148,120503,2026-05-18,Lumpsum,51289.23,643.3107,Failed,Delhi
TXN10545,INV5098,119092,2024-08-07,SIP,92892.38,1936.7313,Pending,Haryana
TXN10546,INV5104,119551,2022-06-12,Lumpsum,32029.39,884.2506,Verified,Haryana
TXN10547,INV5166,119062,2023-10-07,Redemption,36634.9,583.1468,Failed,Gujarat
TXN10548,INV5043,120503,2022-02-17,Redemption,25538.88,331.8945,Pending,Delhi
TXN10550,INV5014,125497,2026-04-28,Redemption,8783.49,261.2524,Verified,Delhi
TXN10551,INV5168,119062,2023-09-26,Lumpsum,44594.46,2086.0901,Failed,Karnataka
TXN10552,INV5008,125497,2025-09-20,Lumpsum,46985.75,531.6282,Verified,Kerala
TXN10553,INV5114,120503,2025-11-29,SIP,45926.07,593.3444,Pending,Gujarat
TXN10554,INV5135,119092,2023-12-13,Redemption,9410.63,249.565,Failed,Uttar Pradesh
TXN10555,INV5040,119092,2022-01-22,Redemption,84870.68,2072.5622,Failed,Kerala
TXN10557,INV5153,118632,2022-01-15,Lumpsum,88275.13,1789.1345,Verified,Karnataka
TXN10558,INV5184,119062,2024-02-14,Lumpsum,62719.64,1110.1822,Pending,Haryana
TXN10559,INV5178,119092,2023-08-07,Redemption,19206.06,1188.3647,Verified,Uttar Pradesh
TXN10560,INV5029,119777,2025-06-19,Lumpsum,49453.6,1272.677,Verified,Maharashtra
TXN10561,INV5137,125497,2023-01-16,Lumpsum,71662.0,949.925,Verified,Delhi
TXN10562,INV5039,125497,2024-10-07,Lumpsum,78679.67,1434.3047,Failed,Telangana
TXN10563,INV5179,125497,2023-11-08,Redemption,6075.82,76.1297,Verified,Kerala
TXN10564,INV5121,120503,2023-01-29,Lumpsum,12635.17,159.6698,Verified,Gujarat
TXN10565,INV5198,119777,2023-05-22,Lumpsum,77214.1,1356.9539,Verified,Telangana
TXN10566,INV5100,119092,2023-10-24,Redemption,74600.1,1254.5803,Verified,Uttar Pradesh
TXN10567,INV5124,119092,2023-02-11,SIP,22169.93,1099.5047,Pending,Gujarat
TXN10568,INV5084,125497,2022-12-09,Redemption,79019.81,7314.1521,Verified,Haryana
TXN10569,INV5177,119777,2025-11-10,SIP,9403.25,388.6787,Verified,Rajasthan
TXN10570,INV5159,120841,2026-04-05,SIP,15814.88,271.3985,Verified,Karnataka
TXN10571,INV5125,118632,2023-10-11,Redemption,35058.12,388.4055,Pending,Tamil Nadu
TXN10572,INV5006,119062,2024-01-04,Lumpsum,48787.56,988.1025,Verified,Kerala
TXN10573,INV5179,119777,2023-01-24,SIP,32706.25,627.0908,Pending,Kerala
TXN10574,INV5042,119551,2024-12-23,Redemption,26703.25,620.4266,Verified,Rajasthan
TXN10575,INV5130,119062,2026-02-11,SIP,36725.48,557.9874,Failed,Andhra Pradesh
TXN10576,INV5017,119062,2023-01-24,Redemption,55371.05,849.5941,Failed,Gujarat
TXN10577,INV5165,120841,2022-08-15,Redemption,4855.84,51.4379,Verified,Maharashtra
TXN10579,INV5135,119092,2022-04-11,Lumpsum,7551.96,80.5809,Verified,Rajasthan
TXN10580,INV5126,119551,2024-08-16,Lumpsum,93855.26,1978.5749,Failed,Andhra Pradesh
TXN10581,INV5015,119092,2024-12-19,Redemption,30738.5,323.5144,Failed,Delhi
TXN10582,INV5026,118632,2024-12-24,Lumpsum,65859.21,1074.3317,Verified,Kerala
TXN10583,INV5192,119062,2026-03-09,Redemption,36117.35,704.2498,Pending,Gujarat
TXN10584,INV5027,120503,2023-01-05,Lumpsum,65924.42,1135.6285,Pending,Telangana
TXN10585,INV5091,120841,2025-01-31,Lumpsum,63507.46,752.8689,Failed,Haryana
TXN10586,INV5062,118632,2024-02-08,Redemption,96184.35,1913.1653,Failed,Maharashtra
TXN10587,INV5186,125497,2023-08-06,SIP,99344.49,2673.0119,Verified,Tamil Nadu
TXN10588,INV5055,120841,2022-02-14,Redemption,57281.49,932.2391,Verified,Maharashtra
TXN10589,INV5118,120841,2022-11-16,Lumpsum,58424.49,1886.5187,Pending,Uttar Pradesh
TXN10590,INV5024,119062,2025-03-11,Redemption,32806.86,614.0389,Failed,Andhra Pradesh
TXN10591,INV5180,119551,2025-05-04,SIP,57840.23,3389.8111,Verified,West Bengal
TXN10592,INV5090,119062,2024-05-03,Redemption,65451.53,1019.3808,Verified,Rajasthan
TXN10594,INV5084,118632,2022-11-10,Redemption,39591.83,790.17,Pending,Haryana
TXN10595,INV5130,119551,2023-03-31,Lumpsum,15227.23,378.268,Failed,Haryana
TXN10596,INV5191,125497,2025-01-27,Lumpsum,50431.4,633.2082,Verified,Karnataka
TXN10597,INV5124,118632,2024-09-26,Redemption,56336.18,564.8468,Failed,Tamil Nadu
TXN10598,INV5063,119551,2023-06-30,Lumpsum,57813.81,2872.3522,Failed,Gujarat
TXN10599,INV5094,120841,2023-01-26,Lumpsum,2908.58,77.6995,Failed,Haryana
TXN10600,INV5114,120503,2024-06-21,Lumpsum,37695.17,482.0598,Verified,Delhi
TXN10601,INV5190,125497,2023-05-13,SIP,82103.33,7307.1695,Pending,Delhi
TXN10602,INV5079,119777,2024-08-22,Lumpsum,54031.54,1906.4042,Failed,Uttar Pradesh
TXN10603,INV5141,119777,2025-06-29,Redemption,2329.66,37.2922,Pending,Kerala
TXN10604,INV5012,119092,2022-12-15,Lumpsum,69804.41,2028.294,Failed,Rajasthan
TXN10605,INV5003,119551,2024-03-06,Redemption,66179.99,753.8837,Verified,Uttar Pradesh
TXN10606,INV5167,119062,2023-04-19,Redemption,10410.57,271.1719,Pending,Kerala
TXN10607,INV5023,120503,2023-02-12,Redemption,71390.68,5257.9299,Failed,Uttar Pradesh
TXN10608,INV5086,119777,2024-03-16,SIP,35515.35,535.9126,Verified,Kerala
TXN10609,INV5071,125497,2025-07-05,Lumpsum,81578.43,6447.9036,Failed,Uttar Pradesh
TXN10610,INV5058,120503,2023-01-12,Redemption,73124.02,1285.9321,Pending,Haryana
TXN10611,INV5161,118632,2024-05-04,Redemption,97068.45,1056.5137,Failed,Telangana
TXN10612,INV5139,120503,2023-02-28,Redemption,80110.45,914.1596,Verified,Andhra Pradesh
TXN10613,INV5181,120503,2024-05-30,Redemption,91752.66,2378.5735,Failed,Kerala
TXN10614,INV5185,119551,2023-01-13,SIP,76660.78,859.3114,Failed,Gujarat
TXN10615,INV5078,119777,2026-03-08,SIP,11123.76,417.7595,Pending,Haryana
TXN10616,INV5158,119092,2025-05-25,Redemption,23602.16,328.4281,Failed,Delhi
TXN10617,INV5177,119777,2022-10-02,Redemption,65132.07,2452.4571,Failed,Telangana
TXN10619,INV5057,118632,2026-04-01,SIP,95492.56,1927.7535,Pending,Telangana
TXN10620,INV5177,120841,2024-07-26,Lumpsum,4661.71,61.1935,Failed,Andhra Pradesh
TXN10621,INV5081,119062,2025-06-06,Redemption,64318.69,876.6332,Verified,Kerala
TXN10622,INV5028,119777,2024-07-24,Lumpsum,39863.31,523.3788,Failed,Gujarat
TXN10623,INV5133,125497,2023-01-24,Redemption,30803.14,364.5951,Failed,Karnataka
TXN10624,INV5109,119092,2025-06-09,Redemption,14652.84,173.0165,Failed,Delhi
TXN10625,INV5185,119551,2023-01-04,Redemption,39610.14,1012.7496,Verified,Karnataka
TXN10626,INV5117,118632,2024-07-20,Lumpsum,65033.35,878.4459,Verified,Andhra Pradesh
TXN10627,INV5188,119551,2022-07-06,Redemption,36612.87,640.7174,Failed,Andhra Pradesh
TXN10629,INV5169,120503,2022-11-29,SIP,5605.39,148.5832,Pending,Telangana
TXN10631,INV5004,119777,2024-10-16,Redemption,60994.4,1120.9731,Verified,Haryana
TXN10632,INV5169,119777,2024-07-18,Redemption,60210.16,1880.1465,Failed,Uttar Pradesh
TXN10634,INV5038,125497,2025-09-28,Redemption,92078.28,6388.6362,Failed,Karnataka
TXN10635,INV5042,119092,2025-06-05,Redemption,18153.22,356.0823,Pending,West Bengal
TXN10636,INV5010,119551,2026-04-23,Lumpsum,38204.47,2374.4231,Failed,Kerala
TXN10637,INV5017,119092,2024-08-22,SIP,27804.65,484.1085,Failed,Tamil Nadu
TXN10638,INV5179,118632,2025-06-07,SIP,97945.32,1700.2862,Verified,Telangana
TXN10639,INV5186,119092,2024-05-24,Lumpsum,57726.7,873.4298,Verified,Haryana
TXN10640,INV5145,119777,2024-11-30,Redemption,88424.54,2857.4791,Verified,Tamil Nadu
TXN10641,INV5001,119551,2022-02-19,Redemption,73878.1,2577.7627,Pending,Gujarat
TXN10642,INV5106,125497,2023-11-15,Redemption,21627.62,319.6721,Pending,Uttar Pradesh
TXN10643,INV5066,119551,2023-09-23,Redemption,76819.74,3794.4465,Failed,West Bengal
TXN10644,INV5102,125497,2022-12-26,Lumpsum,92266.84,1736.9594,Failed,Maharashtra
TXN10645,INV5166,120503,2024-09-13,Redemption,86589.82,955.3835,Failed,Gujarat
TXN10646,INV5191,125497,2024-12-03,Redemption,31892.53,547.7022,Verified,Haryana
TXN10647,INV5176,120841,2023-12-26,SIP,3601.73,36.5563,Pending,Kerala
TXN10648,INV5043,119062,2023-01-19,SIP,75278.25,1024.5569,Failed,Andhra Pradesh
TXN10649,INV5009,119092,2024-04-27,Redemption,37472.57,442.6704,Verified,Tamil Nadu
TXN10650,INV5135,119092,2022-12-25,Lumpsum,77890.14,844.7785,Failed,Kerala
TXN10651,INV5007,119777,2024-10-21,Lumpsum,48605.46,548.2904,Verified,West Bengal
TXN10652,INV5037,119551,2024-11-23,Lumpsum,46207.16,622.4782,Failed,Delhi
TXN10653,INV5002,119092,2022-04-01,SIP,88973.99,4615.0119,Pending,Rajasthan
TXN10654,INV5191,119092,2022-02-16,Redemption,89267.49,2296.0198,Verified,Uttar Pradesh
TXN10655,INV5071,120841,2026-02-05,Redemption,15357.41,443.5056,Verified,Haryana
TXN10656,INV5144,119551,2023-02-28,Lumpsum,27469.68,289.4745,Pending,Uttar Pradesh
TXN10657,INV5147,118632,2022-12-17,Lumpsum,34204.52,685.073,Verified,Maharashtra
TXN10658,INV5121,125497,2022-05-08,SIP,39495.72,537.935,Pending,Rajasthan
TXN10659,INV5177,119777,2025-06-16,Lumpsum,20215.64,258.3263,Pending,Kerala
TXN10660,INV5021,119777,2025-03-08,SIP,92009.06,1764.4905,Failed,Uttar Pradesh
TXN10661,INV5176,119777,2024-08-21,Lumpsum,89622.24,2697.4542,Failed,Gujarat
TXN10663,INV5123,119777,2022-12-16,Redemption,57680.49,1035.2688,Failed,Andhra Pradesh
TXN10664,INV5028,120841,2025-02-12,Redemption,46367.0,734.2565,Verified,Haryana
TXN10665,INV5063,120503,2024-09-14,SIP,81484.61,1289.5722,Pending,Gujarat
TXN10666,INV5146,120841,2025-01-20,SIP,8250.49,87.9792,Pending,Telangana
TXN10667,INV5030,119777,2023-10-29,SIP,18029.31,187.7476,Verified,Haryana
TXN10668,INV5028,119062,2023-02-11,Redemption,9508.03,113.8236,Pending,Rajasthan
TXN10669,INV5001,120503,2025-09-15,Redemption,39303.27,633.7824,Verified,Tamil Nadu
TXN10670,INV5175,120841,2023-09-06,Redemption,30802.74,324.581,Failed,Andhra Pradesh
TXN10671,INV5089,119551,2025-04-08,Redemption,40717.64,1895.606,Verified,Maharashtra
TXN10672,INV5095,125497,2022-01-02,Lumpsum,28579.82,2231.6431,Failed,Andhra Pradesh
TXN10673,INV5152,119062,2025-07-04,Redemption,38465.72,651.2914,Pending,Karnataka
TXN10674,INV5122,120503,2023-01-21,Lumpsum,36348.64,764.4107,Verified,Rajasthan
TXN10676,INV5169,119062,2022-10-06,SIP,41877.62,820.4448,Pending,Andhra Pradesh
TXN10677,INV5155,119062,2025-06-30,Redemption,55428.98,1097.514,Failed,Tamil Nadu
TXN10678,INV5048,119062,2025-05-23,Redemption,73225.88,988.3142,Verified,Gujarat
TXN10679,INV5140,120841,2022-03-10,Redemption,37173.57,597.4135,Pending,Delhi
TXN10680,INV5037,119092,2024-08-10,SIP,61202.03,1908.3402,Pending,Andhra Pradesh
TXN10681,INV5170,119551,2025-11-01,Redemption,61497.39,673.4077,Failed,Maharashtra
TXN10682,INV5121,119777,2024-11-15,Redemption,42391.1,439.5032,Pending,Uttar Pradesh
TXN10683,INV5075,120503,2022-03-14,Redemption,78609.64,2350.775,Pending,Telangana
TXN10684,INV5149,120503,2025-03-19,Redemption,80985.13,1223.5523,Verified,Telangana
TXN10685,INV5022,120503,2024-11-01,Redemption,13687.61,387.8886,Verified,Maharashtra
TXN10686,INV5190,119551,2025-05-21,Redemption,66085.99,1526.9754,Verified,Uttar Pradesh
TXN10687,INV5180,118632,2024-09-20,Redemption,3792.51,38.4767,Verified,Haryana
TXN10688,INV5040,119777,2026-03-22,Redemption,66236.4,879.1674,Verified,Tamil Nadu
TXN10689,INV5148,120841,2022-04-22,Redemption,5726.06,110.6243,Failed,Uttar Pradesh
TXN10690,INV5122,118632,2024-02-17,Redemption,53278.99,1084.5355,Verified,Telangana
TXN10691,INV5098,120841,2024-12-21,SIP,63923.7,665.48,Failed,Haryana
TXN10692,INV5167,119092,2023-11-18,Lumpsum,25906.72,414.0047,Failed,Rajasthan
TXN10693,INV5192,118632,2026-02-12,Redemption,34071.96,472.4012,Verified,West Bengal
TXN10695,INV5027,119777,2023-12-21,Redemption,19711.41,1624.6057,Verified,Maharashtra
TXN10696,INV5153,118632,2025-05-12,Redemption,9095.44,141.1859,Failed,Rajasthan
TXN10697,INV5196,120503,2022-08-16,Lumpsum,66217.55,3938.1744,Failed,Uttar Pradesh
TXN10698,INV5197,119062,2025-11-18,Lumpsum,7862.71,98.3582,Failed,Gujarat
TXN10699,INV5086,125497,2023-06-13,SIP,49426.32,528.2127,Pending,Gujarat
TXN10700,INV5046,119777,2022-08-11,Redemption,22229.46,327.3832,Failed,Andhra Pradesh
TXN10701,INV5067,119551,2022-03-13,SIP,25434.34,507.3739,Failed,Karnataka
TXN10702,INV5168,125497,2022-03-19,Lumpsum,33318.17,736.806,Verified,Kerala
TXN10703,INV5182,119777,2024-06-09,Lumpsum,78203.24,969.2491,Failed,Tamil Nadu
TXN10704,INV5001,119062,2025-12-11,SIP,93536.7,2211.131,Pending,Uttar Pradesh
TXN10705,INV5103,125497,2025-07-18,Lumpsum,96112.09,5574.5881,Failed,Uttar Pradesh
TXN10706,INV5166,118632,2022-12-28,SIP,66243.04,1795.2855,Failed,Delhi
TXN10707,INV5162,120841,2024-09-23,Redemption,19351.72,1464.6141,Verified,Andhra Pradesh
TXN10708,INV5152,118632,2024-09-28,SIP,64519.06,1173.6804,Pending,Telangana
TXN10709,INV5005,125497,2023-11-26,Lumpsum,4760.05,230.6579,Pending,Rajasthan
TXN10710,INV5171,119777,2025-10-20,SIP,23682.07,1436.7562,Pending,Karnataka
TXN10711,INV5126,125497,2024-08-23,SIP,65054.25,5760.6489,Pending,Maharashtra
TXN10712,INV5079,119551,2024-07-23,SIP,6863.78,82.1298,Verified,Telangana
TXN10713,INV5153,118632,2022-05-10,Lumpsum,83671.65,1094.9844,Failed,West Bengal
TXN10715,INV5031,119092,2022-10-17,SIP,55564.07,1122.9713,Pending,Maharashtra
TXN10716,INV5035,119551,2025-07-18,Lumpsum,2055.22,38.1819,Verified,Maharashtra
TXN10717,INV5046,119551,2025-12-18,Lumpsum,80837.47,1016.4317,Pending,Karnataka
TXN10718,INV5053,120503,2025-08-03,Redemption,24305.75,945.4031,Pending,Maharashtra
TXN10719,INV5153,120503,2026-08-01,Redemption,62905.57,782.0917,Failed,Gujarat
TXN10720,INV5002,118632,2023-01-29,Redemption,62082.63,708.3355,Failed,Kerala
TXN10722,INV5176,119777,2024-10-15,SIP,4790.0,70.4024,Verified,Tamil Nadu
TXN10723,INV5112,119092,2023-11-16,Redemption,45588.19,2350.1612,Verified,Kerala
TXN10724,INV5046,120503,2022-01-03,Redemption,89560.38,1195.3134,Pending,Haryana
TXN10725,INV5084,119062,2023-02-12,Lumpsum,32950.16,1750.2687,Pending,Gujarat
TXN10726,INV5052,119062,2023-03-28,Redemption,5906.77,119.9884,Verified,Haryana
TXN10727,INV5117,120503,2024-03-04,SIP,19818.41,468.8183,Verified,Tamil Nadu
TXN10728,INV5086,120503,2022-03-07,SIP,11555.37,222.655,Failed,Karnataka
TXN10729,INV5195,120841,2023-03-27,Redemption,79559.26,830.9199,Verified,Haryana
TXN10730,INV5142,118632,2022-06-27,Redemption,99568.6,1574.3993,Failed,Uttar Pradesh
TXN10731,INV5004,119062,2026-02-16,Lumpsum,58156.97,644.2984,Pending,Karnataka
TXN10732,INV5147,125497,2024-05-05,SIP,73480.89,1326.8616,Failed,Kerala
TXN10733,INV5101,119777,2025-11-27,Redemption,8767.61,112.7274,Pending,Andhra Pradesh
TXN10734,INV5105,118632,2022-09-29,Lumpsum,99895.69,8736.9409,Pending,Uttar Pradesh
TXN10735,INV5042,119777,2025-03-14,SIP,46644.18,2075.2742,Pending,Gujarat
TXN10736,INV5048,120841,2025-07-07,Redemption,86108.07,5262.4052,Pending,West Bengal
TXN10737,INV5136,125497,2023-08-31,Redemption,94636.5,1608.94,Pending,Tamil Nadu
TXN10738,INV5176,119551,2025-06-24,Redemption,51716.28,562.7429,Failed,Maharashtra
TXN10740,INV5144,119551,2025-02-22,SIP,24243.95,1198.9971,Failed,Andhra Pradesh
TXN10741,INV5193,118632,2026-03-23,Lumpsum,27102.11,380.5385,Verified,Maharashtra
TXN10742,INV5017,120841,2023-09-12,Redemption,83041.2,1587.3383,Failed,Rajasthan
TXN10743,INV5137,119092,2024-07-14,Lumpsum,94563.85,1142.191,Verified,Tamil Nadu
TXN10744,INV5118,119551,2022-06-14,SIP,95684.38,4822.1105,Verified,Delhi
TXN10745,INV5179,120503,2024-10-13,Lumpsum,62913.98,1729.1067,Pending,Kerala
TXN10746,INV5034,119777,2023-12-12,Redemption,2637.49,97.6289,Verified,Tamil Nadu
TXN10747,INV5134,120841,2024-04-23,Lumpsum,78789.02,1465.7507,Pending,Andhra Pradesh
TXN10748,INV5136,119777,2024-07-26,Redemption,79040.15,3104.9297,Verified,Tamil Nadu
TXN10749,INV5124,120841,2023-08-14,SIP,45864.69,1836.5949,Verified,Andhra Pradesh
TXN10750,INV5138,119092,2023-01-09,Redemption,66802.42,2805.2176,Verified,Delhi
TXN10751,INV5011,120841,2025-03-22,Redemption,18857.41,311.056,Verified,Rajasthan
TXN10752,INV5082,120841,2022-10-30,Redemption,16678.46,449.0654,Verified,Gujarat
TXN10754,INV5130,120841,2025-08-18,Redemption,96975.75,1245.2817,Pending,Rajasthan
TXN10755,INV5038,119777,2023-11-25,Redemption,4488.05,63.1935,Verified,Uttar Pradesh
TXN10756,INV5007,119062,2025-06-18,Redemption,32973.46,509.3716,Verified,Haryana
TXN10758,INV5174,119551,2024-11-14,Lumpsum,60515.6,1079.8639,Verified,Rajasthan
TXN10759,INV5093,119062,2022-10-30,Lumpsum,1712.98,41.7364,Verified,Telangana
TXN10760,INV5144,119551,2023-03-18,Redemption,80466.71,2236.6115,Pending,Andhra Pradesh
TXN10761,INV5109,119062,2022-10-13,Redemption,21174.49,401.6773,Failed,West Bengal
TXN10762,INV5017,119062,2022-07-01,Lumpsum,27696.22,1075.9837,Failed,Andhra Pradesh
TXN10763,INV5146,120503,2023-02-13,Lumpsum,49313.27,586.7,Verified,Haryana
TXN10765,INV5068,119092,2025-04-08,SIP,89322.31,1878.7251,Failed,Andhra Pradesh
TXN10766,INV5166,118632,2022-02-28,Redemption,99436.13,6212.7256,Pending,West Bengal
TXN10767,INV5149,119777,2025-04-03,Lumpsum,47866.05,660.3848,Verified,West Bengal
TXN10769,INV5178,120503,2024-01-02,SIP,42241.64,458.7024,Failed,Maharashtra
TXN10770,INV5075,119092,2024-12-20,Redemption,62988.98,799.129,Pending,Karnataka
TXN10771,INV5140,120841,2023-10-10,Lumpsum,68990.49,3704.186,Pending,West Bengal
TXN10772,INV5037,125497,2022-10-08,Lumpsum,48747.45,1199.8434,Verified,Delhi
TXN10773,INV5056,120503,2024-10-27,Lumpsum,56086.19,778.2317,Failed,Kerala
TXN10774,INV5183,119551,2024-04-05,SIP,13557.6,1172.3823,Failed,Uttar Pradesh
TXN10775,INV5177,120841,2022-12-10,Redemption,97026.09,3805.147,Verified,Maharashtra
TXN10776,INV5191,119551,2023-04-01,Redemption,23044.16,1082.8526,Verified,Delhi
TXN10777,INV5109,119551,2022-06-09,Redemption,43409.12,1568.7252,Verified,Rajasthan
TXN10779,INV5194,119551,2022-09-11,Lumpsum,20402.43,289.9965,Verified,Delhi
TXN10780,INV5038,119092,2025-04-02,Lumpsum,50313.12,665.7828,Verified,Kerala
TXN10782,INV5050,119092,2022-12-18,SIP,10319.23,352.6569,Failed,Andhra Pradesh
TXN10783,INV5122,120841,2025-11-30,SIP,95795.9,3645.7055,Failed,Gujarat
TXN10784,INV5109,118632,2024-11-19,Lumpsum,98468.97,4661.1678,Verified,Kerala
TXN10785,INV5035,119777,2026-04-11,Redemption,72352.59,4157.6417,Failed,Delhi
TXN10786,INV5099,119092,2024-07-24,Redemption,97629.82,1954.3151,Failed,Gujarat
TXN10787,INV5075,119062,2023-01-22,Redemption,68073.55,2604.5142,Pending,Telangana
TXN10788,INV5173,119551,2024-03-22,Redemption,8958.09,391.1304,Failed,Andhra Pradesh
TXN10789,INV5152,119551,2026-02-27,SIP,20309.1,724.7112,Failed,Delhi
TXN10790,INV5060,119062,2026-01-25,Lumpsum,76714.23,1209.46,Pending,Rajasthan
TXN10791,INV5103,120841,2024-09-01,Lumpsum,51385.74,2208.8408,Failed,Delhi
TXN10792,INV5032,119092,2024-09-29,Lumpsum,13893.53,732.6148,Verified,Delhi
TXN10793,INV5128,125497,2023-02-01,Redemption,15697.3,237.9208,Verified,Delhi
TXN10794,INV5170,119777,2024-08-12,Lumpsum,49279.91,1468.8553,Failed,Kerala
TXN10795,INV5140,125497,2026-04-14,Lumpsum,12353.84,244.5801,Failed,Telangana
TXN10796,INV5118,125497,2022-03-09,Redemption,78048.56,870.8539,Verified,Telangana
TXN10797,INV5111,120503,2023-02-10,Redemption,57101.09,1054.5017,Failed,Rajasthan
TXN10798,INV5139,119777,2024-09-01,SIP,39442.79,723.4262,Failed,Haryana
TXN10800,INV5033,120841,2023-12-16,SIP,62702.72,1416.9593,Failed,West Bengal
TXN10801,INV5092,119062,2023-12-21,Redemption,23844.9,626.0318,Verified,Andhra Pradesh
TXN10803,INV5118,119062,2025-03-09,Lumpsum,69747.87,1108.5338,Failed,Gujarat
TXN10804,INV5147,119062,2023-10-23,SIP,10455.64,147.762,Failed,Telangana
TXN10805,INV5129,120841,2022-12-08,Lumpsum,43881.12,801.8382,Pending,Delhi
TXN10806,INV5138,118632,2023-08-12,SIP,57565.31,698.4872,Pending,Andhra Pradesh
TXN10808,INV5122,119062,2023-03-06,Redemption,82462.03,1488.0127,Verified,Gujarat
TXN10809,INV5170,120841,2023-02-14,Lumpsum,51779.24,735.0785,Failed,Karnataka
TXN10810,INV5005,120503,2025-03-27,Lumpsum,82478.85,873.4458,Verified,Rajasthan
TXN10811,INV5137,119062,2025-03-05,Redemption,46517.43,1470.5044,Pending,Rajasthan
TXN10812,INV5196,119092,2024-10-06,Lumpsum,91158.21,1359.4853,Failed,Uttar Pradesh
TXN10813,INV5074,120503,2023-06-10,Lumpsum,11799.08,432.6375,Verified,Uttar Pradesh
TXN10814,INV5119,119777,2025-02-20,Lumpsum,4181.87,171.7946,Verified,Maharashtra
TXN10815,INV5067,119092,2025-09-10,SIP,4702.12,62.676,Pending,Maharashtra
TXN10816,INV5015,119551,2023-10-05,Lumpsum,90107.2,1932.3613,Failed,Rajasthan
TXN10817,INV5169,119551,2024-03-23,Lumpsum,73580.8,783.0728,Failed,Rajasthan
TXN10818,INV5149,119092,2024-10-13,Lumpsum,77432.49,2026.6609,Pending,Andhra Pradesh
TXN10819,INV5100,118632,2024-05-16,SIP,21803.81,628.1842,Failed,Uttar Pradesh
TXN10820,INV5151,125497,2024-10-01,Lumpsum,11739.65,198.5831,Failed,Rajasthan
TXN10821,INV5064,119092,2022-10-24,Redemption,82225.85,6911.6642,Pending,Maharashtra
TXN10822,INV5190,125497,2025-11-15,Lumpsum,31272.22,324.8605,Failed,Rajasthan
TXN10823,INV5032,118632,2024-06-25,SIP,39601.07,404.0128,Verified,Uttar Pradesh
TXN10824,INV5024,118632,2023-09-02,SIP,63319.59,710.2427,Pending,Rajasthan
TXN10825,INV5105,125497,2023-07-16,Redemption,47373.58,1004.39,Failed,Andhra Pradesh
TXN10828,INV5162,119777,2025-08-05,SIP,63015.48,1648.1115,Verified,Delhi
TXN10829,INV5041,118632,2024-11-23,Redemption,79367.91,2048.4197,Failed,Andhra Pradesh
TXN10830,INV5035,119092,2022-12-22,Lumpsum,20267.04,428.4363,Verified,Gujarat
TXN10831,INV5097,118632,2022-02-12,Redemption,62849.42,686.009,Failed,Tamil Nadu
TXN10832,INV5068,120503,2022-12-04,Redemption,26385.7,1464.6099,Failed,Karnataka
TXN10833,INV5146,119551,2022-01-29,Lumpsum,92864.34,1099.5957,Failed,Delhi
TXN10834,INV5058,118632,2023-01-26,Lumpsum,38516.31,788.9813,Verified,Haryana
TXN10835,INV5056,119092,2026-01-28,Lumpsum,79350.12,6302.8407,Verified,Tamil Nadu
TXN10836,INV5159,119777,2023-05-24,Redemption,46087.33,4217.0447,Verified,West Bengal
TXN10837,INV5178,119062,2025-11-07,Redemption,42617.45,668.5338,Verified,Delhi
TXN10838,INV5143,125497,2022-04-17,Lumpsum,35753.02,553.6777,Pending,Haryana
TXN10839,INV5182,125497,2022-01-11,Redemption,30599.48,672.1805,Failed,Karnataka
TXN10840,INV5144,125497,2025-04-03,Lumpsum,49537.56,1222.3677,Failed,Karnataka
TXN10841,INV5023,120841,2025-12-25,Lumpsum,12125.78,867.7017,Verified,Telangana
TXN10842,INV5072,120841,2024-05-30,Lumpsum,76275.61,2260.8075,Failed,Gujarat
TXN10843,INV5043,120841,2026-02-18,Redemption,55789.63,599.5226,Pending,Telangana
TXN10844,INV5014,118632,2022-11-01,Lumpsum,47289.63,1913.0151,Failed,Gujarat
TXN10845,INV5030,119777,2022-03-25,Lumpsum,56305.02,1099.7424,Verified,Andhra Pradesh
TXN10846,INV5038,119551,2023-12-17,Lumpsum,18475.17,734.7,Failed,Uttar Pradesh
TXN10847,INV5145,118632,2025-04-10,Redemption,18466.6,198.9138,Verified,Telangana
TXN10848,INV5174,119551,2023-11-05,Lumpsum,68223.62,1500.2352,Pending,Delhi
TXN10849,INV5083,120503,2022-03-01,Redemption,66124.16,1299.9934,Verified,Haryana
TXN10850,INV5169,125497,2023-11-06,Redemption,45583.65,478.4798,Pending,Haryana
TXN10851,INV5034,118632,2022-04-10,Lumpsum,74508.1,1257.6468,Pending,Gujarat
TXN10852,INV5024,119062,2023-06-07,Lumpsum,86618.79,4804.9615,Verified,Karnataka
TXN10853,INV5100,119062,2023-08-07,SIP,80209.49,1052.2032,Verified,Rajasthan
TXN10854,INV5155,120503,2024-01-06,Lumpsum,49217.49,548.7684,Failed,Uttar Pradesh
TXN10855,INV5145,119062,2022-04-07,Redemption,19042.41,285.2293,Verified,Maharashtra
TXN10856,INV5132,120841,2024-08-07,Redemption,15929.44,291.8602,Pending,Rajasthan
TXN10857,INV5135,119551,2023-08-19,Lumpsum,80253.7,2166.9461,Verified,Rajasthan
TXN10858,INV5077,118632,2024-07-12,Lumpsum,55323.94,597.7271,Failed,Delhi
TXN10859,INV5131,119062,2024-04-25,Redemption,57063.58,1739.519,Verified,Haryana
TXN10860,INV5021,125497,2022-08-22,SIP,84369.53,5995.0135,Failed,Andhra Pradesh
TXN10861,INV5077,120841,2025-04-17,Redemption,62569.13,1848.0578,Pending,Karnataka
TXN10862,INV5055,120503,2022-06-10,Lumpsum,11079.9,190.7242,Verified,Gujarat
TXN10863,INV5030,125497,2022-12-18,Redemption,86943.66,897.0446,Pending,Andhra Pradesh
TXN10864,INV5125,119092,2025-06-20,Lumpsum,96332.59,1361.4142,Pending,Uttar Pradesh
TXN10865,INV5023,120503,2022-10-04,Lumpsum,2080.58,21.3729,Verified,Tamil Nadu
TXN10866,INV5124,120503,2025-08-23,Lumpsum,85889.84,1468.8947,Verified,Uttar Pradesh
TXN10868,INV5190,119777,2024-09-20,SIP,58730.01,2088.5154,Pending,Gujarat
TXN10869,INV5014,120841,2022-01-17,Redemption,43462.9,916.7119,Failed,Andhra Pradesh
TXN10870,INV5149,119092,2022-03-17,Lumpsum,59308.41,911.952,Pending,Telangana
TXN10871,INV5060,125497,2024-12-17,Lumpsum,55548.94,1628.6956,Pending,Gujarat
TXN10872,INV5122,119551,2024-10-10,Redemption,69902.69,5887.7207,Verified,Andhra Pradesh
TXN10873,INV5050,119777,2023-06-12,Lumpsum,58972.04,823.0839,Pending,Andhra Pradesh
TXN10874,INV5169,119777,2022-09-26,Redemption,96000.44,1129.7191,Pending,Rajasthan
TXN10875,INV5189,120841,2024-08-25,Redemption,69224.41,3898.3699,Failed,Karnataka
TXN10876,INV5045,118632,2022-11-17,Redemption,41890.44,421.2675,Verified,Tamil Nadu
TXN10877,INV5054,125497,2022-02-07,Lumpsum,16281.24,192.6423,Failed,Maharashtra
TXN10878,INV5017,120841,2024-05-31,Redemption,56417.15,1049.1749,Failed,West Bengal
TXN10879,INV5197,125497,2026-04-27,Lumpsum,85414.11,963.6872,Pending,Rajasthan
TXN10880,INV5027,125497,2024-06-15,Redemption,11036.24,169.915,Pending,Delhi
TXN10881,INV5144,125497,2024-11-04,SIP,87151.51,947.4152,Verified,Andhra Pradesh
TXN10882,INV5075,119777,2026-04-10,Redemption,10379.78,152.1106,Failed,Karnataka
TXN10883,INV5032,118632,2024-06-18,Redemption,24908.95,300.7489,Failed,Uttar Pradesh
TXN10884,INV5130,120503,2022-06-24,Lumpsum,41793.36,627.0606,Verified,Karnataka
TXN10885,INV5193,119062,2023-04-13,Redemption,91843.0,1011.1986,Failed,Rajasthan
TXN10887,INV5018,119551,2023-11-24,Lumpsum,16850.31,1084.8666,Pending,Maharashtra
TXN10888,INV5170,120503,2025-03-22,Redemption,80007.54,900.7505,Verified,Gujarat
TXN10890,INV5157,120503,2025-05-12,Redemption,88814.19,1341.7587,Pending,Rajasthan
TXN10891,INV5114,120841,2026-05-20,Redemption,30502.38,2288.7115,Failed,Gujarat
TXN10892,INV5186,120503,2024-12-01,Lumpsum,51411.32,1349.2822,Failed,Rajasthan
TXN10893,INV5041,125497,2022-02-27,Redemption,83306.78,2230.15,Failed,Kerala
TXN10894,INV5029,125497,2024-02-03,Redemption,12819.4,164.161,Verified,Telangana
TXN10895,INV5077,125497,2024-07-17,Lumpsum,98905.51,1623.9642,Pending,Rajasthan
TXN10896,INV5137,118632,2023-12-19,Lumpsum,81600.38,1325.7809,Verified,Andhra Pradesh
TXN10897,INV5097,118632,2022-08-04,Redemption,82372.85,1937.5429,Verified,Karnataka
TXN10899,INV5055,119777,2022-06-09,Redemption,59029.83,1040.9978,Failed,Uttar Pradesh
TXN10900,INV5150,119777,2025-07-27,Redemption,94808.09,1249.8673,Failed,Karnataka
TXN10901,INV5037,120503,2024-09-19,SIP,51561.96,894.8203,Pending,Tamil Nadu
TXN10902,INV5117,119777,2022-03-08,Redemption,95206.26,1484.2578,Failed,Delhi
TXN10903,INV5031,120841,2025-03-16,SIP,12215.35,326.2367,Failed,Uttar Pradesh
TXN10904,INV5076,119777,2022-02-27,SIP,42464.82,450.2501,Verified,Uttar Pradesh
TXN10905,INV5056,120503,2026-02-23,SIP,35190.57,398.361,Failed,Telangana
TXN10906,INV5147,119092,2025-04-03,Lumpsum,47785.14,638.813,Pending,Karnataka
TXN10907,INV5196,120503,2024-10-30,Redemption,45182.94,513.6112,Failed,Delhi
TXN10908,INV5160,119062,2024-03-04,Lumpsum,5059.06,71.923,Failed,Andhra Pradesh
TXN10909,INV5072,119551,2022-12-06,Redemption,77273.72,2044.477,Pending,Delhi
TXN10910,INV5165,119551,2023-01-30,Redemption,5761.0,93.9467,Verified,Telangana
TXN10911,INV5129,125497,2022-09-04,SIP,27858.77,976.7313,Pending,Haryana
TXN10912,INV5114,119551,2024-12-28,Lumpsum,4975.87,56.8166,Verified,West Bengal
TXN10913,INV5112,120503,2024-04-29,Redemption,26089.19,1284.0422,Verified,Kerala
TXN10914,INV5044,119092,2022-10-22,Lumpsum,15845.62,165.5849,Pending,Karnataka
TXN10916,INV5082,120503,2024-04-25,Lumpsum,82860.27,3967.0807,Verified,Tamil Nadu
TXN10917,INV5193,118632,2024-10-06,Redemption,94961.03,2773.7285,Failed,Telangana
TXN10918,INV5142,119062,2022-05-15,SIP,23757.18,264.6921,Verified,Kerala
TXN10919,INV5151,119551,2023-05-20,Redemption,30808.98,661.0357,Verified,Rajasthan
TXN10920,INV5129,118632,2022-10-19,Redemption,78311.35,1341.4484,Failed,Kerala
TXN10921,INV5116,125497,2022-03-01,Redemption,97222.14,9674.9385,Failed,Uttar Pradesh
TXN10922,INV5154,119092,2025-10-24,Lumpsum,21669.04,252.961,Verified,Maharashtra
TXN10923,INV5042,119551,2023-09-08,Lumpsum,83134.56,1104.6807,Verified,Gujarat
TXN10924,INV5054,120841,2025-10-28,Redemption,75393.05,1485.7346,Verified,Rajasthan
TXN10925,INV5083,120841,2023-08-03,Redemption,91444.82,4149.9208,Verified,Haryana
TXN10926,INV5122,125497,2022-01-20,Lumpsum,69800.75,1292.4173,Failed,Kerala
TXN10927,INV5021,119551,2025-01-08,Redemption,12779.85,131.0976,Failed,Haryana
TXN10928,INV5092,119062,2022-12-29,SIP,93656.66,1872.6842,Verified,Andhra Pradesh
TXN10929,INV5006,119092,2025-10-25,Lumpsum,61537.55,1650.4167,Pending,Tamil Nadu
TXN10930,INV5060,119777,2024-01-14,Lumpsum,70552.75,1093.1221,Verified,Tamil Nadu
TXN10931,INV5164,119062,2022-08-16,Redemption,17462.47,636.4031,Pending,Haryana
TXN10932,INV5173,120503,2022-05-14,SIP,13179.38,140.1753,Verified,Kerala
TXN10933,INV5187,119092,2023-01-28,Redemption,61638.43,864.9644,Failed,Maharashtra
TXN10934,INV5110,125497,2023-10-24,Lumpsum,68177.26,1311.2826,Failed,Kerala
TXN10935,INV5195,125497,2026-01-17,SIP,42296.18,839.251,Verified,Gujarat
TXN10937,INV5177,119062,2022-06-02,Lumpsum,31425.18,473.7022,Verified,Maharashtra
TXN10938,INV5123,119062,2022-02-19,Redemption,33763.1,1037.688,Verified,Telangana
TXN10939,INV5062,120841,2022-04-22,Redemption,94382.98,1182.4855,Pending,Telangana
TXN10940,INV5196,119551,2025-04-07,Redemption,97465.3,1053.63,Failed,West Bengal
TXN10941,INV5178,119551,2022-09-19,Redemption,30496.37,459.5826,Verified,Delhi
TXN10942,INV5174,125497,2025-02-19,Lumpsum,40467.46,617.285,Failed,Tamil Nadu
TXN10943,INV5154,125497,2024-07-17,Redemption,88053.85,1339.6143,Failed,Rajasthan
TXN10944,INV5173,125497,2024-07-18,Lumpsum,11246.66,1012.6677,Pending,Delhi
TXN10945,INV5152,118632,2025-03-19,Redemption,35861.43,672.4951,Pending,Telangana
TXN10946,INV5048,118632,2022-10-09,SIP,58659.97,1044.1188,Pending,West Bengal
TXN10947,INV5080,120503,2022-10-29,Lumpsum,29460.86,302.7079,Failed,Haryana
TXN10948,INV5169,120503,2022-04-28,Redemption,56165.27,3765.7771,Failed,Tamil Nadu
TXN10949,INV5052,118632,2022-05-21,Lumpsum,69630.77,707.8233,Pending,Andhra Pradesh
TXN10950,INV5085,120841,2025-06-15,Lumpsum,10932.37,123.0437,Verified,Telangana
TXN10951,INV5057,125497,2025-08-01,Redemption,62580.04,1985.9294,Pending,West Bengal
TXN10952,INV5190,119062,2023-02-25,SIP,1169.18,107.3599,Failed,Maharashtra
TXN10953,INV5143,119551,2022-10-19,Redemption,58775.8,744.9598,Verified,Maharashtra
TXN10954,INV5051,118632,2023-08-05,Lumpsum,72024.25,1774.7143,Failed,Tamil Nadu
TXN10955,INV5046,118632,2022-02-14,Lumpsum,2588.88,36.4781,Failed,Rajasthan
TXN10956,INV5029,120841,2023-03-07,Redemption,81044.03,1166.4069,Failed,Haryana
TXN10957,INV5112,119551,2022-08-31,SIP,19572.29,444.445,Failed,West Bengal
TXN10958,INV5154,119062,2025-07-26,SIP,58938.92,678.2448,Verified,Karnataka
TXN10959,INV5084,118632,2022-04-20,SIP,96854.24,1079.4555,Verified,Andhra Pradesh
TXN10960,INV5021,119777,2025-09-20,SIP,39117.53,437.4682,Pending,Kerala
TXN10961,INV5096,119777,2024-11-28,SIP,37700.93,519.9707,Pending,Telangana
TXN10962,INV5122,119092,2025-05-04,Redemption,58606.27,4408.3413,Verified,Tamil Nadu
TXN10963,INV5116,118632,2024-03-21,Lumpsum,38019.75,1574.3924,Failed,Uttar Pradesh
TXN10964,INV5141,119551,2022-10-03,Lumpsum,35481.71,567.1937,Failed,Kerala
TXN10965,INV5160,120841,2024-05-22,Redemption,37067.44,676.674,Verified,Gujarat
TXN10966,INV5007,120503,2024-06-23,Lumpsum,36229.75,2080.0577,Failed,Kerala
TXN10967,INV5140,119551,2023-07-21,SIP,36343.57,614.5101,Failed,Tamil Nadu
TXN10968,INV5173,120841,2023-05-28,Redemption,68512.16,1974.3108,Pending,Haryana
TXN10969,INV5036,119092,2022-01-18,Lumpsum,78421.26,1692.192,Failed,Haryana
TXN10970,INV5194,125497,2024-08-24,Redemption,86613.88,2841.4703,Pending,Andhra Pradesh
TXN10971,INV5054,119777,2023-04-24,Redemption,75883.32,1011.4279,Failed,West Bengal
TXN10972,INV5022,120841,2023-01-20,Redemption,42059.94,850.0174,Failed,Maharashtra
TXN10973,INV5096,120503,2025-03-28,Lumpsum,1463.27,17.6433,Failed,West Bengal
TXN10974,INV5058,119062,2024-05-21,Redemption,53991.6,1372.1856,Verified,Haryana
TXN10975,INV5009,120503,2022-11-11,Redemption,60498.78,934.9888,Failed,Gujarat
TXN10976,INV5053,119062,2022-05-11,Lumpsum,11309.52,184.6261,Failed,Rajasthan
TXN10977,INV5078,119551,2022-12-18,Redemption,3689.89,51.2398,Failed,Maharashtra
TXN10978,INV5048,118632,2022-05-23,Lumpsum,29465.0,515.1619,Failed,Maharashtra
TXN10979,INV5095,125497,2022-12-18,Lumpsum,98964.71,4576.9551,Failed,Telangana
TXN10980,INV5191,119551,2024-03-07,SIP,31320.84,374.6035,Pending,Telangana
TXN10981,INV5041,119092,2025-04-18,Redemption,46166.17,1639.817,Verified,Telangana
TXN10982,INV5017,119062,2025-05-23,Redemption,57138.29,1054.479,Failed,Haryana
TXN10983,INV5011,119551,2023-08-13,Lumpsum,71308.97,1939.3044,Pending,Karnataka
TXN10984,INV5107,118632,2023-01-03,Redemption,38774.17,559.373,Pending,Haryana
TXN10985,INV5025,119062,2025-12-01,Lumpsum,16214.26,181.3067,Failed,Uttar Pradesh
TXN10986,INV5171,119551,2025-11-30,Redemption,76305.15,3649.0861,Failed,Delhi
TXN10987,INV5194,119551,2024-10-30,Lumpsum,25650.28,461.786,Failed,Maharashtra
TXN10988,INV5019,119777,2024-02-20,Redemption,19843.16,1480.8638,Verified,Delhi
TXN10989,INV5182,120503,2023-01-11,Redemption,8713.59,126.0427,Pending,Telangana
TXN10990,INV5036,119777,2023-07-26,SIP,60895.36,2346.525,Verified,Kerala
TXN10991,INV5190,119062,2022-12-11,Redemption,67899.62,2851.1662,Failed,Karnataka
TXN10992,INV5056,125497,2025-10-14,Lumpsum,5251.72,78.2308,Failed,Rajasthan
TXN10994,INV5198,119062,2026-04-21,Lumpsum,24234.76,1329.7698,Failed,Maharashtra
TXN10995,INV5004,120841,2023-01-29,Lumpsum,10112.02,118.7071,Pending,Karnataka
TXN10996,INV5186,120503,2022-01-04,Redemption,33050.58,545.5253,Verified,Haryana
TXN10997,INV5054,119062,2024-05-26,Lumpsum,35979.34,1404.0203,Failed,Rajasthan
TXN10998,INV5081,125497,2024-03-08,Redemption,65967.19,1881.4877,Pending,West Bengal
TXN10999,INV5012,119551,2023-03-24,Lumpsum,50207.81,506.4197,Pending,Kerala
